Username,Tanggal,Teks,Jumlah_Like,Platform,Clean_Teks,Tokens,Label,Tanggal_Singkat,Topic_ID
@JasonHight-y6w,2026-06-18 11:41:40+00:00,"Very well done, appreciate this video!",0,YouTube,very well done appreciate this video,"['very', 'well', 'done', 'appreciate', 'this', 'video']",0,2026-06-18,-1
@JenniferEve-k3z,2026-06-15 20:00:58+00:00,Mid laner terburuk ada di ONIC,0,YouTube,mid laner terburuk ada di onic,"['mid', 'laner', 'terburuk', 'ada', 'di', 'onic']",1,2026-06-15,0
@zizany15ysukuofficial24,2026-06-14 17:54:59+00:00,INFO : BTR JUARA WAHAI FANS ONIC HATERSS BTR 😂 WKWKKWKWW,1,YouTube,info btr juara wahai fans onic haterss btr wkwkkwkww,"['info', 'btr', 'juara', 'wahai', 'fans', 'onic', 'haterss', 'btr', 'wkwkkwkww']",0,2026-06-14,0
@ZainalAbidin-j1e,2026-06-14 13:21:49+00:00,Ban lapu2 lutpi,0,YouTube,ban lapu lutpi,"['ban', 'lapu', 'lutpi']",0,2026-06-14,0
@nengaen5449,2026-06-14 04:35:53+00:00,Game 2 sama game terakhir harusnya btr bisa win sih.. sayangnya btr di game 2 blunder pas nyerang bareng lord maksa masuk turret lawan.. pas di game terakhir pas nyerang lord terakhir btr harusnya pas dapet lord mundur langsung jangan war..intinya si btr ini blunder soal lord sih..,1,YouTube,game sama game terakhir harusnya btr bisa win sih sayangnya btr di game blunder pas nyerang bareng lord maksa masuk turret lawan pas di game terakhir pas nyerang lord terakhir btr harusnya pas dapet lord mundur langsung jangan war intinya si btr ini blunder soal lord sih,"['game', 'sama', 'game', 'terakhir', 'harusnya', 'btr', 'bisa', 'win', 'sih', 'sayangnya', 'btr', 'di', 'game', 'blunder', 'pas', 'nyerang', 'bareng', 'lord', 'maksa', 'masuk', 'turret', 'lawan', 'pas', 'di', 'game', 'terakhir', 'pas', 'nyerang', 'lord', 'terakhir', 'btr', 'harusnya', 'pas', 'dapet', 'lord', 'mundur', 'langsung', 'jangan', 'war', 'intinya', 'si', 'btr', 'ini', 'blunder', 'soal', 'lord', 'sih']",0,2026-06-14,0
@nengaen5449,2026-06-14 04:13:55+00:00,Moment blunder btr 7:24:53 wkwk,1,YouTube,moment blunder btr wkwk,"['moment', 'blunder', 'btr', 'wkwk']",0,2026-06-14,0
@rifkiarisandichannel2353,2026-06-13 17:43:20+00:00,‎ไม่ต้องแปลก็ได้ ฉันก็เป็นคนอินโดนีเซียเหมือนกัน ขอให้โจโกวีจงเจริญ 🗿,3,YouTube,‎ไม่ต้องแปลก็ได้ ฉันก็เป็นคนอินโดนีเซียเหมือนกัน ขอให้โจโกวีจงเจริญ,"['\u200eไม่ต้องแปลก็ได้', 'ฉันก็เป็นคนอินโดนีเซียเหมือนกัน', 'ขอให้โจโกวีจงเจริญ']",0,2026-06-13,0
@NaufalHuda-k9q,2026-06-13 08:13:05+00:00,Hahaha lucu banget si 😂😂🤣😂🤣😂🤣😂😂😂😂😁🤭🤣😂😂🤣😂🤣😂😂😂🇲🇨🇲🇨🇲🇨🇲🇨🇲🇨🇲🇨🇲🇨,0,YouTube,hahaha lucu banget si,"['hahaha', 'lucu', 'banget', 'si']",0,2026-06-13,0
@yansdeny4506,2026-06-13 06:22:26+00:00,Di fuur dl sm onic kasi kemenangan dulu buat Biget,0,YouTube,di fuur dl sama onic kasi kemenangan dulu buat biget,"['di', 'fuur', 'dl', 'sama', 'onic', 'kasi', 'kemenangan', 'dulu', 'buat', 'biget']",0,2026-06-13,0
@yansdeny4506,2026-06-13 06:00:54+00:00,Onic the best,0,YouTube,onic the best,"['onic', 'the', 'best']",0,2026-06-13,0
@Sakura-lpf,2026-06-13 03:48:29+00:00,"Mana nih yg bilang ""pokenic""? 😹
Bencong beraninya kluar pas ONIC kalah doang 😹",0,YouTube,mana nih yang bilang pokenic bencong beraninya kluar pas onic kalah doang,"['mana', 'nih', 'yang', 'bilang', 'pokenic', 'bencong', 'beraninya', 'kluar', 'pas', 'onic', 'kalah', 'doang']",1,2026-06-13,0
@admgiv,2026-06-12 18:07:02+00:00,ONIC🇮🇩🇵🇭🤍,0,YouTube,onic,['onic'],0,2026-06-12,0
@JeongLeeAn-H2H,2026-06-12 16:43:17+00:00,7:31:12,0,YouTube,,[],0,2026-06-12,1
@muhammadramdani-y6d,2026-06-12 15:44:19+00:00,"MANA NIHHH YANG KEMAREN GEEK BAKAL BANTAI ONIC KO KOMENYA DI HAPUS AWOKAWOK, KENA BANTAI KAN LU 3:0 😂",0,YouTube,mana nihhh yang kemaren geek bakal bantai onic ko komenya di hapus awokawok kena bantai kan kamu,"['mana', 'nihhh', 'yang', 'kemaren', 'geek', 'bakal', 'bantai', 'onic', 'ko', 'komenya', 'di', 'hapus', 'awokawok', 'kena', 'bantai', 'kan', 'kamu']",1,2026-06-12,0
@Renia_a,2026-06-12 13:37:15+00:00,"yg kemaren blg onic kebantai sm geek , komen ny ud dihapus , malu bgt tuh😹😹",0,YouTube,yang kemaren blg onic kebantai sama geek komen ny ud dihapus malu banget tuh,"['yang', 'kemaren', 'blg', 'onic', 'kebantai', 'sama', 'geek', 'komen', 'ny', 'ud', 'dihapus', 'malu', 'banget', 'tuh']",0,2026-06-12,0
@Kenz_Esport,2026-06-12 12:33:36+00:00,"sedang mencari komenan ""geek bakalan bantai onic besok"" ONIC 2-0 NIH BOSS, OTEWE CLEAN SWEEP. tuh yang dukung geek, mimpinya ditunda dulu🤭🤭",1,YouTube,sedang mencari komenan geek bakalan bantai onic besok onic nih boss otewe clean sweep tuh yang dukung geek mimpinya ditunda dulu,"['sedang', 'mencari', 'komenan', 'geek', 'bakalan', 'bantai', 'onic', 'besok', 'onic', 'nih', 'boss', 'otewe', 'clean', 'sweep', 'tuh', 'yang', 'dukung', 'geek', 'mimpinya', 'ditunda', 'dulu']",1,2026-06-12,0
@VladimirSubianto,2026-06-12 11:11:59+00:00,7:24:36 btw ini siapa ya namanya,2,YouTube,btw ini siapa ya namanya,"['btw', 'ini', 'siapa', 'ya', 'namanya']",0,2026-06-12,0
@MasJunaidi-e1o,2026-06-12 10:56:17+00:00,gelo onic,0,YouTube,gelo onic,"['gelo', 'onic']",1,2026-06-12,0
@painjinugroho9021,2026-06-12 09:56:34+00:00,3:25:17 mirip pak itu,0,YouTube,mirip pak itu,"['mirip', 'pak', 'itu']",1,2026-06-12,0
@khaleesistark,2026-06-12 06:38:55+00:00,"KIBOY P DALAM HATI : P*MAI NNTAU APA INI DA BEKENG"" 😭🤣",0,YouTube,kiboy p dalam hati p mai nntau apa ini da bekeng,"['kiboy', 'p', 'dalam', 'hati', 'p', 'mai', 'nntau', 'apa', 'ini', 'da', 'bekeng']",1,2026-06-12,0
@GasTerus-f4m,2026-06-12 06:13:52+00:00,cemmass kauuu dekkk😂😂,0,YouTube,cemmass kauuu dekkk,"['cemmass', 'kauuu', 'dekkk']",0,2026-06-12,0
@NofanAlfairus,2026-06-12 05:50:48+00:00,Ngga bawa yobi siii,0,YouTube,ngga bawa yobi siii,"['ngga', 'bawa', 'yobi', 'siii']",1,2026-06-12,0
@OujiinGaming,2026-06-12 05:16:55+00:00,King onic the best,0,YouTube,king onic the best,"['king', 'onic', 'the', 'best']",0,2026-06-12,0
@haryobayuw.4647,2026-06-12 04:30:10+00:00,7:28:06 full jalan kaki dari ujung ke ujung wkwk,1,YouTube,full jalan kaki dari ujung ke ujung wkwk,"['full', 'jalan', 'kaki', 'dari', 'ujung', 'ke', 'ujung', 'wkwk']",1,2026-06-12,0
@miracleboy-onic,2026-06-12 04:20:04+00:00,"Heroisgod❌️
Oniciswin✅️",0,YouTube,heroisgod oniciswin,"['heroisgod', 'oniciswin']",0,2026-06-12,0
@noxskyyy,2026-06-12 03:27:13+00:00,8:12:50,1,YouTube,,[],0,2026-06-12,1
@lelouch21515,2026-06-12 03:06:43+00:00,"penyakit Nnael masih belum ilang jir..

perhitungan dr gerakannya selalu meleset..",3,YouTube,penyakit nnael masih belum ilang jir perhitungan dr gerakannya selalu meleset,"['penyakit', 'nnael', 'masih', 'belum', 'ilang', 'jir', 'perhitungan', 'dr', 'gerakannya', 'selalu', 'meleset']",1,2026-06-12,0
@tioutomo93,2026-06-12 03:03:26+00:00,Popol dan kupret nya kelra blum kluar aja itu nunggu momentum aja kluar,0,YouTube,popol dan kupret nya kelra blum kluar aja itu nunggu momentum aja kluar,"['popol', 'dan', 'kupret', 'nya', 'kelra', 'blum', 'kluar', 'aja', 'itu', 'nunggu', 'momentum', 'aja', 'kluar']",0,2026-06-12,0
@EkaPradana-b3r,2026-06-12 03:01:48+00:00,"9:00:26 ""kok bisa"" 😅",1,YouTube,kok bisa,"['kok', 'bisa']",0,2026-06-12,0
@Phantom-_-scout,2026-06-12 02:43:11+00:00,𝙺𝚒𝚋𝚘𝚢 𝚌𝚘𝚜𝚙𝚕𝚊𝚢 𝚖𝚊𝚛𝚌𝚎𝚕,0,YouTube,𝙺𝚒𝚋𝚘𝚢 𝚌𝚘𝚜𝚙𝚕𝚊𝚢 𝚖𝚊𝚛𝚌𝚎𝚕,"['𝙺𝚒𝚋𝚘𝚢', '𝚌𝚘𝚜𝚙𝚕𝚊𝚢', '𝚖𝚊𝚛𝚌𝚎𝚕']",0,2026-06-12,0
@DenniAgus,2026-06-12 02:35:48+00:00,onic main lgi kapan min,0,YouTube,onic main lgi kapan min,"['onic', 'main', 'lgi', 'kapan', 'min']",1,2026-06-12,0
@naychan99,2026-06-12 02:05:27+00:00,Ngakak banget match terakhir ONIC BTR😭,3,YouTube,ngakak banget match terakhir onic btr,"['ngakak', 'banget', 'match', 'terakhir', 'onic', 'btr']",0,2026-06-12,0
@briyyaannsyah,2026-06-12 01:11:18+00:00,"suka bgt ama nael sama moreno, tengil tapi cuman 1gamenya itu lhoo😂",2,YouTube,suka banget ama nael sama moreno tengil tapi cuman gamenya itu lhoo,"['suka', 'banget', 'ama', 'nael', 'sama', 'moreno', 'tengil', 'tapi', 'cuman', 'gamenya', 'itu', 'lhoo']",0,2026-06-12,0
@ancixful,2026-06-12 01:08:29+00:00,9:30:12,0,YouTube,,[],0,2026-06-12,1
@sccrivan,2026-06-12 00:35:02+00:00,Hm,0,YouTube,hm,['hm'],0,2026-06-12,0
@musisikelilingz,2026-06-12 00:22:10+00:00,BOSEN GUE LIAT INI ONIC MENANG MULU.. REGION LEMAH!!!,0,YouTube,bosen saya liat ini onic menang mulu region lemah,"['bosen', 'saya', 'liat', 'ini', 'onic', 'menang', 'mulu', 'region', 'lemah']",1,2026-06-12,0
@MAS_RUSDI_48,2026-06-12 00:09:56+00:00,Hahaha haters onic masok goaaaa😂,4,YouTube,hahaha haters onic masok goaaaa,"['hahaha', 'haters', 'onic', 'masok', 'goaaaa']",1,2026-06-12,0
@rama-f3x8n,2026-06-12 00:04:08+00:00,.,0,YouTube,,[],0,2026-06-12,1
@HahaHikkk,2026-06-11 23:16:39+00:00,Banyak hama di chat😂,0,YouTube,banyak hama di chat,"['banyak', 'hama', 'di', 'chat']",1,2026-06-11,0
@sitimuniroh6814,2026-06-11 22:14:19+00:00,manaaa yang bilangg onic kalahh onic gak pinter mainnnn 😂😂,0,YouTube,manaaa yang bilangg onic kalahh onic tidak pinter mainnnn,"['manaaa', 'yang', 'bilangg', 'onic', 'kalahh', 'onic', 'tidak', 'pinter', 'mainnnn']",1,2026-06-11,0
@Alwin2014,2026-06-11 22:14:02+00:00,Manani BTR vs 🤡 wkwkwkwkwkwk,0,YouTube,manani btr vs wkwkwkwkwkwk,"['manani', 'btr', 'vs', 'wkwkwkwkwkwk']",0,2026-06-11,8
@JetArmstrong,2026-06-11 21:59:49+00:00,"Bajunya keren "" 😂",1,YouTube,bajunya keren,"['bajunya', 'keren']",0,2026-06-11,0
@JetArmstrong,2026-06-11 21:56:00+00:00,"Nunggu selesai dulu karena tadi malam deg""an banget ternyata menang 😭 , gak kuat liat live chat nya tadi, untung menang 😢",0,YouTube,nunggu selesai dulu karena tadi malam deg an banget ternyata menang tidak kuat liat live chat nya tadi untung menang,"['nunggu', 'selesai', 'dulu', 'karena', 'tadi', 'malam', 'deg', 'an', 'banget', 'ternyata', 'menang', 'tidak', 'kuat', 'liat', 'live', 'chat', 'nya', 'tadi', 'untung', 'menang']",1,2026-06-11,0
@ErwinPirmansah-r8l,2026-06-11 21:40:22+00:00,Makan tuh onic mode playof,4,YouTube,makan tuh onic mode playof,"['makan', 'tuh', 'onic', 'mode', 'playof']",1,2026-06-11,0
@LanangPerdana,2026-06-11 20:37:42+00:00,Yg bilang Onic Kalah MANA NICH WKWKWK😂😂,0,YouTube,yang bilang onic kalah mana nich wkwkwk,"['yang', 'bilang', 'onic', 'kalah', 'mana', 'nich', 'wkwkwk']",1,2026-06-11,0
@130-brilliantkhoirulfath-f4,2026-06-11 20:30:58+00:00,2:39:33,0,YouTube,,[],0,2026-06-11,1
@mryulianto1235,2026-06-11 20:27:29+00:00,"Gaberani ganti roaster,, karatan",0,YouTube,gaberani ganti roaster karatan,"['gaberani', 'ganti', 'roaster', 'karatan']",1,2026-06-11,0
@Minaa-b9k,2026-06-11 20:18:31+00:00,Bagus skrng mpl mantappp abis game dipanggil player nya buat interview,1,YouTube,bagus skrng mpl mantappp abis game dipanggil player nya buat interview,"['bagus', 'skrng', 'mpl', 'mantappp', 'abis', 'game', 'dipanggil', 'player', 'nya', 'buat', 'interview']",1,2026-06-11,0
@jameyarmijo,2026-06-11 19:39:58+00:00,"Ceritanya bikin merinding! 💕𝐌0𝐍𝐀𝟒𝐃🟣 bikin suasana makin dramatis, keren!",0,YouTube,ceritanya bikin merinding 𝐌 𝐍𝐀 𝐃 bikin suasana makin dramatis keren,"['ceritanya', 'bikin', 'merinding', '𝐌', '𝐍𝐀', '𝐃', 'bikin', 'suasana', 'makin', 'dramatis', 'keren']",0,2026-06-11,0
@garfieldsiegel,2026-06-11 19:39:39+00:00,"Informatif banget, bro! 💕𝐌0𝐍𝐀𝟒𝐃🟣 nambah wawasan, sukses terus buat kontennya!",1,YouTube,informatif banget bro 𝐌 𝐍𝐀 𝐃 nambah wawasan sukses terus buat kontennya,"['informatif', 'banget', 'bro', '𝐌', '𝐍𝐀', '𝐃', 'nambah', 'wawasan', 'sukses', 'terus', 'buat', 'kontennya']",0,2026-06-11,0
@NolanNolan-z1n,2026-06-11 19:30:49+00:00,Jangan bangga dlu onic ni boss  selain lawan filipin jarang2 yg mengalahkan👎,0,YouTube,jangan bangga dlu onic ni boss selain lawan filipin jarang yang mengalahkan,"['jangan', 'bangga', 'dlu', 'onic', 'ni', 'boss', 'selain', 'lawan', 'filipin', 'jarang', 'yang', 'mengalahkan']",1,2026-06-11,0
@FahruAlfarizi,2026-06-11 18:56:10+00:00,Segera musnah ini mlbb ga usah ada yg main kan lagi gem rusak,0,YouTube,segera musnah ini mlbb tidak usah ada yang main kan lagi gem rusak,"['segera', 'musnah', 'ini', 'mlbb', 'tidak', 'usah', 'ada', 'yang', 'main', 'kan', 'lagi', 'gem', 'rusak']",1,2026-06-11,0
@FahruAlfarizi,2026-06-11 18:55:33+00:00,Cepet musnah ini ml gem isinya oraang tololl semua ga pernah kalau solo kasih tim yg bagus,0,YouTube,cepet musnah ini ml gem isinya oraang tololl semua tidak pernah kalau solo kasih tim yang bagus,"['cepet', 'musnah', 'ini', 'ml', 'gem', 'isinya', 'oraang', 'tololl', 'semua', 'tidak', 'pernah', 'kalau', 'solo', 'kasih', 'tim', 'yang', 'bagus']",1,2026-06-11,0
@galanggalank5420,2026-06-11 18:51:05+00:00,Mampus btr hahaa bisa lu apa klau onick goood onick❤,0,YouTube,mampus btr hahaa bisa kamu apa klau onick goood onick,"['mampus', 'btr', 'hahaa', 'bisa', 'kamu', 'apa', 'klau', 'onick', 'goood', 'onick']",1,2026-06-11,0
@skullector5329,2026-06-11 18:26:41+00:00,macam bingai je fans onic ada ultras..diorang ingat bola ke bingai..bapak serabut..terpaling chant 😂,0,YouTube,macam bingai je fans onic ada ultras diorang ingat bola ke bingai bapak serabut terpaling chant,"['macam', 'bingai', 'je', 'fans', 'onic', 'ada', 'ultras', 'diorang', 'ingat', 'bola', 'ke', 'bingai', 'bapak', 'serabut', 'terpaling', 'chant']",1,2026-06-11,0
@martabak-manis-keju,2026-06-11 18:17:44+00:00,"TLID JANGAN MAU KALAH LAWAN BTR , BTR ITU B NYA BADUTRON AWOKAWOKWOK",0,YouTube,tlid jangan mau kalah lawan btr btr itu b nya badutron awokawokwok,"['tlid', 'jangan', 'mau', 'kalah', 'lawan', 'btr', 'btr', 'itu', 'b', 'nya', 'badutron', 'awokawokwok']",1,2026-06-11,0
@martabak-manis-keju,2026-06-11 18:17:05+00:00,KASIH TAU TLID KASIH KERAS TLID,1,YouTube,kasih tau tlid kasih keras tlid,"['kasih', 'tau', 'tlid', 'kasih', 'keras', 'tlid']",1,2026-06-11,0
@martabak-manis-keju,2026-06-11 18:16:52+00:00,YOK BISA YOK BESOK TLID PULANGIN BTR YANG MALANG ITU,1,YouTube,yok bisa yok besok tlid pulangin btr yang malang itu,"['yok', 'bisa', 'yok', 'besok', 'tlid', 'pulangin', 'btr', 'yang', 'malang', 'itu']",1,2026-06-11,0
@martabak-manis-keju,2026-06-11 18:16:32+00:00,TLID 3 - 2 BTR,0,YouTube,tlid btr,"['tlid', 'btr']",0,2026-06-11,0
@martabak-manis-keju,2026-06-11 18:16:06+00:00,KEVIN & NAEL KICAU MANIA BARENG BESOK AWOKWOK,1,YouTube,kevin nael kicau mania bareng besok awokwok,"['kevin', 'nael', 'kicau', 'mania', 'bareng', 'besok', 'awokwok']",0,2026-06-11,0
@martabak-manis-keju,2026-06-11 18:15:38+00:00,YANG GAK LOLOS PLAYOFF JUGA BADUT PENGHIBUR MPL PENGISI SLOT MPL,0,YouTube,yang tidak lolos playoff juga badut penghibur mpl pengisi slot mpl,"['yang', 'tidak', 'lolos', 'playoff', 'juga', 'badut', 'penghibur', 'mpl', 'pengisi', 'slot', 'mpl']",1,2026-06-11,0
@martabak-manis-keju,2026-06-11 18:15:11+00:00,"BTR BOOT, POKETRON
BADUTRON, ROBOT RONGSOK, MAEN DI MSC AJA GAK PERNAH",0,YouTube,btr boot poketron badutron robot rongsok maen di msc aja tidak pernah,"['btr', 'boot', 'poketron', 'badutron', 'robot', 'rongsok', 'maen', 'di', 'msc', 'aja', 'tidak', 'pernah']",0,2026-06-11,4
@Fahriganteng-123,2026-06-11 18:04:55+00:00,Buset ada mbg 1:18:35 🤗,1,YouTube,buset ada mbg,"['buset', 'ada', 'mbg']",1,2026-06-11,3
@bedsss-1,2026-06-11 18:00:28+00:00,9:05:10 kalem pasep😂,3,YouTube,kalem pasep,"['kalem', 'pasep']",1,2026-06-11,0
@filmgratis5552,2026-06-11 17:54:27+00:00,"match penentuan besok TLID vs BTR.
apakah kevin akan membungkam nael atau nael membalaskan dendamnya.
seru sih 😆",11,YouTube,match penentuan besok tlid vs btr apakah kevin akan membungkam nael atau nael membalaskan dendamnya seru sih,"['match', 'penentuan', 'besok', 'tlid', 'vs', 'btr', 'apakah', 'kevin', 'akan', 'membungkam', 'nael', 'atau', 'nael', 'membalaskan', 'dendamnya', 'seru', 'sih']",0,2026-06-11,0
@ArmaArmayeni,2026-06-11 17:20:34+00:00,"Mana nih pemuja morenoo 😂😂😂mana nih yg ngtaiian onik ayam 
Ini beda tim boss ini king' onik bukan ppq 😂😂😂",1,YouTube,mana nih pemuja morenoo mana nih yang ngtaiian onik ayam ini beda tim boss ini king onik bukan ppq,"['mana', 'nih', 'pemuja', 'morenoo', 'mana', 'nih', 'yang', 'ngtaiian', 'onik', 'ayam', 'ini', 'beda', 'tim', 'boss', 'ini', 'king', 'onik', 'bukan', 'ppq']",1,2026-06-11,0
@ytbaperxd392,2026-06-11 17:15:43+00:00,"Game keempat eman pake skin wkwk, lagian udh tau lawan onic malah ga pake skin. Kata eman kalo dia ga pake skin lawannya lemah😂 beliau meremehkan raja terakhir 💀",2,YouTube,game keempat eman pake skin wkwk lagian sudah tau lawan onic malah tidak pake skin kata eman kalau dia tidak pake skin lawannya lemah beliau meremehkan raja terakhir,"['game', 'keempat', 'eman', 'pake', 'skin', 'wkwk', 'lagian', 'sudah', 'tau', 'lawan', 'onic', 'malah', 'tidak', 'pake', 'skin', 'kata', 'eman', 'kalau', 'dia', 'tidak', 'pake', 'skin', 'lawannya', 'lemah', 'beliau', 'meremehkan', 'raja', 'terakhir']",1,2026-06-11,0
@AhmadNajmu-l6c,2026-06-11 16:46:48+00:00,"Waduhhh kira"" Siapa tuh yg turorin fanny tapi ga lolos PO??",0,YouTube,waduhhh kira siapa tuh yang turorin fanny tapi tidak lolos po,"['waduhhh', 'kira', 'siapa', 'tuh', 'yang', 'turorin', 'fanny', 'tapi', 'tidak', 'lolos', 'po']",1,2026-06-11,0
@renaldykuy7590,2026-06-11 16:39:21+00:00,"3 BTR vs TLId 1 
2 GEEK vs ONIC 3",0,YouTube,btr vs tlid geek vs onic,"['btr', 'vs', 'tlid', 'geek', 'vs', 'onic']",0,2026-06-11,8
@liwarcrew8140,2026-06-11 16:37:36+00:00,mantap,0,YouTube,mantap,['mantap'],0,2026-06-11,0
@ikkaSulistyana,2026-06-11 16:30:44+00:00,Final antra BTR VS ONIC DAN ONIC VS TLID,0,YouTube,final antra btr vs onic dan onic vs tlid,"['final', 'antra', 'btr', 'vs', 'onic', 'dan', 'onic', 'vs', 'tlid']",1,2026-06-11,8
@afiya0827,2026-06-11 16:14:51+00:00,"Lucu para pembenci onic , game 1 langsung KOAR KOAR 😂

pas game 3 Langsung diem dan malu😂😋",131,YouTube,lucu para pembenci onic game langsung koar koar pas game langsung diem dan malu,"['lucu', 'para', 'pembenci', 'onic', 'game', 'langsung', 'koar', 'koar', 'pas', 'game', 'langsung', 'diem', 'dan', 'malu']",0,2026-06-11,0
@muhammadraihan5529,2026-06-11 16:11:03+00:00,Wkwk kelra asal jeplak ngomongnya🤣,0,YouTube,wkwk kelra asal jeplak ngomongnya,"['wkwk', 'kelra', 'asal', 'jeplak', 'ngomongnya']",0,2026-06-11,0
@sandiprayoga2082,2026-06-11 16:09:29+00:00,"4:24 😊👏
Ada melati si BA ONIC 💛 
semoga ONIC secured to MSC

RATAKAN ! 👊🔥

4:36 🔥
No body loves KAY
ONIC back to MWI 2026 ?

53:52 🥰 
Ada side reporter
cantik keren, allysa natalie

Apsa, favorit exp idola
MARCEL atau ARAN

54:51 😍
NEVINNE disini hadir
siap nunggu BOG season 2

Bosen di online ?

KALIAN BISA INDONESIA JUARA 🇮🇩",1,YouTube,ada melati si ba onic semoga onic secured to msc ratakan no body loves kay onic back to mwi ada side reporter cantik keren allysa natalie apsa favorit exp idola marcel atau aran nevinne disini hadir siap nunggu bog season bosen di online kalian bisa indonesia juara,"['ada', 'melati', 'si', 'ba', 'onic', 'semoga', 'onic', 'secured', 'to', 'msc', 'ratakan', 'no', 'body', 'loves', 'kay', 'onic', 'back', 'to', 'mwi', 'ada', 'side', 'reporter', 'cantik', 'keren', 'allysa', 'natalie', 'apsa', 'favorit', 'exp', 'idola', 'marcel', 'atau', 'aran', 'nevinne', 'disini', 'hadir', 'siap', 'nunggu', 'bog', 'season', 'bosen', 'di', 'online', 'kalian', 'bisa', 'indonesia', 'juara']",1,2026-06-11,0
@PakendokEndok,2026-06-11 16:05:58+00:00,Naik ngefeed kelihatan banget,0,YouTube,naik ngefeed kelihatan banget,"['naik', 'ngefeed', 'kelihatan', 'banget']",0,2026-06-11,0
@KucingFanny,2026-06-11 16:03:17+00:00,Untung aja lordnya cuek di game 4 (BTR vs ONIC),2,YouTube,untung aja lordnya cuek di game btr vs onic,"['untung', 'aja', 'lordnya', 'cuek', 'di', 'game', 'btr', 'vs', 'onic']",0,2026-06-11,0
@KucingFanny,2026-06-11 16:00:57+00:00,"Mode ""Gilak Sanz"" di game 3 diaktifkan 😆, Sampai Sanz yang mvp lawan BTR. Onic menang yah 2-1, terus selanjutnya 3-1, berarti onic menang.",8,YouTube,mode gilak sanz di game diaktifkan sampai sanz yang mvp lawan btr onic menang yah terus selanjutnya berarti onic menang,"['mode', 'gilak', 'sanz', 'di', 'game', 'diaktifkan', 'sampai', 'sanz', 'yang', 'mvp', 'lawan', 'btr', 'onic', 'menang', 'yah', 'terus', 'selanjutnya', 'berarti', 'onic', 'menang']",1,2026-06-11,0
@Netherlands_Indies_4.0.,2026-06-11 15:59:13+00:00,"RRQ kok gak bisa jadiin MPL liga tani kayak ONIC, SRG, TLPH yaaa?? 🤔 hmmm.....,,",2,YouTube,rrq kok tidak bisa jadiin mpl liga tani kayak onic srg tlph yaaa hmmm,"['rrq', 'kok', 'tidak', 'bisa', 'jadiin', 'mpl', 'liga', 'tani', 'kayak', 'onic', 'srg', 'tlph', 'yaaa', 'hmmm']",1,2026-06-11,0
@syimphonystudio,2026-06-11 15:57:55+00:00,Shogun😂,0,YouTube,shogun,['shogun'],0,2026-06-11,0
@tomyhamdani2631,2026-06-11 15:57:44+00:00,Jangan lupa besok nael vs Kelvin seru ni,6,YouTube,jangan lupa besok nael vs kelvin seru ni,"['jangan', 'lupa', 'besok', 'nael', 'vs', 'kelvin', 'seru', 'ni']",1,2026-06-11,0
@Youngboyxz,2026-06-11 15:54:53+00:00,game 1 ngetes aja kayaknya ini onic wkwk,0,YouTube,game ngetes aja kayaknya ini onic wkwk,"['game', 'ngetes', 'aja', 'kayaknya', 'ini', 'onic', 'wkwk']",0,2026-06-11,0
@Rexjii28,2026-06-11 15:54:38+00:00,Di reguler doang badutron bisa ngalahin onic😂,2,YouTube,di reguler doang badutron bisa ngalahin onic,"['di', 'reguler', 'doang', 'badutron', 'bisa', 'ngalahin', 'onic']",1,2026-06-11,0
@ViClipMedia,2026-06-11 15:49:39+00:00,"9:11:24 lord nya sibuk sendiri, cuek 😂😂😂😂",19,YouTube,lord nya sibuk sendiri cuek,"['lord', 'nya', 'sibuk', 'sendiri', 'cuek']",1,2026-06-11,0
@Devin_1933,2026-06-11 15:45:23+00:00,kata2 kocak malam ini ( BTR 3-0 ONIC) 😂,1,YouTube,kata kocak malam ini btr onic,"['kata', 'kocak', 'malam', 'ini', 'btr', 'onic']",1,2026-06-11,0
@k1nggong26,2026-06-11 15:44:24+00:00,Nt Super Moreno,0,YouTube,nt super moreno,"['nt', 'super', 'moreno']",1,2026-06-11,0
@Family7460-g3o,2026-06-11 15:43:33+00:00,Cari komentator yang lebih mutu kalo prediksi masak cuma om wawa yang jago,0,YouTube,cari komentator yang lebih mutu kalau prediksi masak cuma om wawa yang jago,"['cari', 'komentator', 'yang', 'lebih', 'mutu', 'kalau', 'prediksi', 'masak', 'cuma', 'om', 'wawa', 'yang', 'jago']",1,2026-06-11,0
@Grace.Kellly,2026-06-11 15:41:29+00:00,9:05:11 Bro berfikir lagi livestream rank Mau geprak meja😅,6,YouTube,bro berfikir lagi livestream rank mau geprak meja,"['bro', 'berfikir', 'lagi', 'livestream', 'rank', 'mau', 'geprak', 'meja']",1,2026-06-11,0
@IzuddinIzuddin-pq5rb,2026-06-11 15:35:12+00:00,Geek fam kuda hitam jir,0,YouTube,geek fam kuda hitam jir,"['geek', 'fam', 'kuda', 'hitam', 'jir']",1,2026-06-11,0
@Bang-Ma,2026-06-11 15:33:01+00:00,Hmmm menarik 🤔😌,1,YouTube,hmmm menarik,"['hmmm', 'menarik']",1,2026-06-11,0
@BumiLestari-o6m,2026-06-11 15:27:28+00:00,WHAT A SAVE KIBOYYY!!!!,6,YouTube,what a save kiboyyy,"['what', 'a', 'save', 'kiboyyy']",0,2026-06-11,0
@sutanthomas2921,2026-06-11 15:26:55+00:00,"Prediksi besok
BTR 3-0 TLID
GEEK 0-3 ONIC",0,YouTube,prediksi besok btr tlid geek onic,"['prediksi', 'besok', 'btr', 'tlid', 'geek', 'onic']",1,2026-06-11,0
@SahrulM-f9k,2026-06-11 15:18:10+00:00,"PREDIKSI

Upper Bracket Finals: ONIC 3–2 GEEK
Lower Bracket Finals: GEEK 4–2 BTR
Grand Finals: ONIC 4–2 GEEK",0,YouTube,prediksi upper bracket finals onic – geek lower bracket finals geek – btr grand finals onic – geek,"['prediksi', 'upper', 'bracket', 'finals', 'onic', '–', 'geek', 'lower', 'bracket', 'finals', 'geek', '–', 'btr', 'grand', 'finals', 'onic', '–', 'geek']",1,2026-06-11,0
@videoairandomveo3,2026-06-11 15:11:59+00:00,Aduh nih BTR BTR game 2 nafsu banget ke ewc sabar dulu lah,2,YouTube,aduh nih btr btr game nafsu banget ke ewc sabar dulu lah,"['aduh', 'nih', 'btr', 'btr', 'game', 'nafsu', 'banget', 'ke', 'ewc', 'sabar', 'dulu', 'lah']",0,2026-06-11,0
@aylatamara,2026-06-11 15:10:53+00:00,Gelo willie salim sadnya nonton mpl,5,YouTube,gelo willie salim sadnya nonton mpl,"['gelo', 'willie', 'salim', 'sadnya', 'nonton', 'mpl']",0,2026-06-11,0
@gdfther123,2026-06-11 15:10:20+00:00,ada bang Mozaaaaaa,0,YouTube,ada bang mozaaaaaa,"['ada', 'bang', 'mozaaaaaa']",1,2026-06-11,0
@sesamesaut,2026-06-11 15:06:52+00:00,"Yeb senyum, pertamax di Manila lebih murce, nyari duit di sini cuan....",0,YouTube,yeb senyum pertamax di manila lebih murce nyari duit di sini cuan,"['yeb', 'senyum', 'pertamax', 'di', 'manila', 'lebih', 'murce', 'nyari', 'duit', 'di', 'sini', 'cuan']",0,2026-06-11,0
@bedsss-1,2026-06-11 15:06:27+00:00,8:15:00 moreno jgn pipis sembarangan,34,YouTube,moreno jgn pipis sembarangan,"['moreno', 'jgn', 'pipis', 'sembarangan']",1,2026-06-11,0
@GittinkPriaidaman,2026-06-11 15:01:24+00:00,"Ko ada ya tim Masi pick suyo,udah tau suyo udah jelek😂😂😂",1,YouTube,ko ada ya tim masi pick suyo sudah tau suyo sudah jelek,"['ko', 'ada', 'ya', 'tim', 'masi', 'pick', 'suyo', 'sudah', 'tau', 'suyo', 'sudah', 'jelek']",1,2026-06-11,0
@FazLMd,2026-06-11 15:00:48+00:00,Kalau Onic sampe kalah dg BTR si gua pesimis tim indo juara di ewc..,4,YouTube,kalau onic sampe kalah dg btr si gua pesimis tim indo juara di ewc,"['kalau', 'onic', 'sampe', 'kalah', 'dg', 'btr', 'si', 'gua', 'pesimis', 'tim', 'indo', 'juara', 'di', 'ewc']",1,2026-06-11,0
@ValenAgnnd,2026-06-11 14:56:51+00:00,"Manaaaaa yakk yg bilang onic ayam tadi wkwkwkwk
manaa juga nih pemuja morenoo wkwkwk 😂 kalahkan akhirnya wkwkwkkw",77,YouTube,manaaaaa yakk yang bilang onic ayam tadi wkwkwkwk manaa juga nih pemuja morenoo wkwkwk kalahkan akhirnya wkwkwkkw,"['manaaaaa', 'yakk', 'yang', 'bilang', 'onic', 'ayam', 'tadi', 'wkwkwkwk', 'manaa', 'juga', 'nih', 'pemuja', 'morenoo', 'wkwkwk', 'kalahkan', 'akhirnya', 'wkwkwkkw']",0,2026-06-11,0
@CyanWolfer,2026-06-11 14:53:52+00:00,"[ TLID ] —VS— [ GEEK ]

• Game 1 - Draft 1:16:15 - Start 1:21:36
• Game 2 - Draft 1:51:57 - Start 1:56:36
• Game 3 - Draft 2:42:42 - Start 2:47:42
• Game 4 - Draft 3:22:30 - Start 3:28:03

[ Before Match ]
• Player Intro 1:05:47

[ After Match ]
• Interview 3:48:40
• Player Of The Match 4:00:26
────────────────────
[ ONIC —VS— [ BTR ]

• Game 1 - Draft 6:25:09 - Start 6:34:20
• Game 2 - Draft 7:05:37 - Start 7:13:35
• Game 3 - Draft 7:53:26 - Start 8:03:26
• Game 4 - Draft 8:39:45 - Start 8:49:14

[ Before Match ]
• Player Intro 6:14:52

[ After Match ]
• Interview 9:14:19
• Player Of The Match 9:25:05
────────────────────
Playoff Bracket 9:29:53
Tomorrow's Schedule 9:30:51
────────────────────
— CyanWolfer —",228,YouTube,tlid —vs— geek • game draft start • game draft start • game draft start • game draft start before match • player intro after match • interview • player of the match ──────────────────── onic —vs— btr • game draft start • game draft start • game draft start • game draft start before match • player intro after match • interview • player of the match ──────────────────── playoff bracket tomorrow s schedule ──────────────────── — cyanwolfer —,"['tlid', '—vs—', 'geek', '•', 'game', 'draft', 'start', '•', 'game', 'draft', 'start', '•', 'game', 'draft', 'start', '•', 'game', 'draft', 'start', 'before', 'match', '•', 'player', 'intro', 'after', 'match', '•', 'interview', '•', 'player', 'of', 'the', 'match', '────────────────────', 'onic', '—vs—', 'btr', '•', 'game', 'draft', 'start', '•', 'game', 'draft', 'start', '•', 'game', 'draft', 'start', '•', 'game', 'draft', 'start', 'before', 'match', '•', 'player', 'intro', 'after', 'match', '•', 'interview', '•', 'player', 'of', 'the', 'match', '────────────────────', 'playoff', 'bracket', 'tomorrow', 's', 'schedule', '────────────────────', '—', 'cyanwolfer', '—']",0,2026-06-11,-1
@PPQSUPERKENTOD999,2026-06-11 14:52:15+00:00,"BTR tim songongg, gk pernah juara aja blagu, teriak"" doang kek monyett",0,YouTube,btr tim songongg tidak pernah juara aja blagu teriak doang kek monyett,"['btr', 'tim', 'songongg', 'tidak', 'pernah', 'juara', 'aja', 'blagu', 'teriak', 'doang', 'kek', 'monyett']",1,2026-06-11,0
@MlbbFeeds,2026-06-11 14:52:11+00:00,"gelo Aran, dari dia pertama debut Paquitonya ngeri",3,YouTube,gelo aran dari dia pertama debut paquitonya ngeri,"['gelo', 'aran', 'dari', 'dia', 'pertama', 'debut', 'paquitonya', 'ngeri']",1,2026-06-11,0
@Juky_69,2026-06-11 14:51:18+00:00,kelinci,0,YouTube,kelinci,['kelinci'],0,2026-06-11,4
@kemunafikansemu1675,2026-06-11 14:50:53+00:00,Wkwkk.. MPL udah gag seru,1,YouTube,wkwkk mpl sudah gag seru,"['wkwkk', 'mpl', 'sudah', 'gag', 'seru']",1,2026-06-11,0
@someone2341-q4j,2026-06-11 14:48:39+00:00,Nt btr upper braket grandfinal onic 🤩🤩🤭🤭,2,YouTube,nt btr upper braket grandfinal onic,"['nt', 'btr', 'upper', 'braket', 'grandfinal', 'onic']",0,2026-06-11,0
@ERENJEAGER29,2026-06-11 14:46:42+00:00,Kena comeback onic gak tuh BTR😂,13,YouTube,kena comeback onic tidak tuh btr,"['kena', 'comeback', 'onic', 'tidak', 'tuh', 'btr']",1,2026-06-11,0
@AnggaPrama,2026-06-11 14:45:16+00:00,"BTR RONGSOKAN, KGAK PUNYA PIALA MPL. MODAL JIMAT ROBI SEMPAKK, BAPAK TUA BANGKA, GONDRONG NYOPET",1,YouTube,btr rongsokan kgak punya piala mpl modal jimat robi sempakk bapak tua bangka gondrong nyopet,"['btr', 'rongsokan', 'kgak', 'punya', 'piala', 'mpl', 'modal', 'jimat', 'robi', 'sempakk', 'bapak', 'tua', 'bangka', 'gondrong', 'nyopet']",1,2026-06-11,0
@sandyguikguik,2026-06-11 14:44:00+00:00,09:00:20 diketawain penonton jirrr😂,12,YouTube,diketawain penonton jirrr,"['diketawain', 'penonton', 'jirrr']",1,2026-06-11,0
@ARIMUX,2026-06-11 14:44:00+00:00,FANS BTR MENGHILANG😂,7,YouTube,fans btr menghilang,"['fans', 'btr', 'menghilang']",0,2026-06-11,0
@Alfianzzzz,2026-06-11 14:43:55+00:00,Gg,0,YouTube,gg,['gg'],0,2026-06-11,3
@sylenth.7881,2026-06-11 14:43:14+00:00,Onic mode playoff emg beda,8,YouTube,onic mode playoff emg beda,"['onic', 'mode', 'playoff', 'emg', 'beda']",1,2026-06-11,0
@RadioApik,2026-06-11 14:42:25+00:00,P,0,YouTube,p,['p'],0,2026-06-11,1
@fahrezausmansyah7572,2026-06-11 14:42:13+00:00,Pertama,0,YouTube,pertama,['pertama'],0,2026-06-11,1
@JenniferEve-k3z,2026-06-15 23:32:32+00:00,PARAH MIDLANE GEEK MAINNYA. GAK FOKUS DAN SLALU TELAT POSITIONING,0,YouTube,parah midlane geek mainnya tidak fokus dan slalu telat positioning,"['parah', 'midlane', 'geek', 'mainnya', 'tidak', 'fokus', 'dan', 'slalu', 'telat', 'positioning']",1,2026-06-15,0
@JenniferEve-k3z,2026-06-15 23:08:47+00:00,"KEVIN CENGAR CENGIR CENGENNGESAN , SENGAJA DIA BUAT KAALAH.. LOL",0,YouTube,kevin cengar cengir cengenngesan sengaja dia buat kaalah lol,"['kevin', 'cengar', 'cengir', 'cengenngesan', 'sengaja', 'dia', 'buat', 'kaalah', 'lol']",1,2026-06-15,0
@MonkeyDLuffy-E21,2026-06-14 12:40:18+00:00,Onic haram jadah juara mpl & internasional kedepannya! Itu sumpah gua buat onic!,0,YouTube,onic haram jadah juara mpl internasional kedepannya itu sumpah gua buat onic,"['onic', 'haram', 'jadah', 'juara', 'mpl', 'internasional', 'kedepannya', 'itu', 'sumpah', 'gua', 'buat', 'onic']",1,2026-06-14,0
@MonkeyDLuffy-E21,2026-06-14 12:39:26+00:00,#Pokeonik,0,YouTube,,[],0,2026-06-14,1
@scienceking2259,2026-06-14 12:21:39+00:00,Sibuk banget ya lutpi 🤣🤣,1,YouTube,sibuk banget ya lutpi,"['sibuk', 'banget', 'ya', 'lutpi']",0,2026-06-14,0
@AyasakaSeijiro,2026-06-14 07:49:03+00:00,Trio ph gak mau make jaket😂,0,YouTube,trio ph tidak mau make jaket,"['trio', 'ph', 'tidak', 'mau', 'make', 'jaket']",1,2026-06-14,0
@galangsetyawan8380,2026-06-13 15:27:22+00:00,6:24:00 ba geek siapa namanya?,2,YouTube,ba geek siapa namanya,"['ba', 'geek', 'siapa', 'namanya']",1,2026-06-13,0
@jameswan4142,2026-06-13 10:56:50+00:00,2:06:52 ada bekas apa tuh? 🙃,0,YouTube,ada bekas apa tuh,"['ada', 'bekas', 'apa', 'tuh']",1,2026-06-13,0
@bgsdbrn,2026-06-13 10:53:52+00:00,Lutpi menangos ngurusin 3 wave minion yang badak” 😂😂,1,YouTube,lutpi menangos ngurusin wave minion yang badak ”,"['lutpi', 'menangos', 'ngurusin', 'wave', 'minion', 'yang', 'badak', '”']",0,2026-06-13,0
@SiegWarhreit,2026-06-13 10:53:39+00:00,6:33:15  salah papan wey😂,4,YouTube,salah papan wey,"['salah', 'papan', 'wey']",1,2026-06-13,0
@somay_origin,2026-06-13 10:43:03+00:00,GG ONIC,0,YouTube,gg onic,"['gg', 'onic']",0,2026-06-13,3
@DevanAlfaro-r9q,2026-06-13 10:37:51+00:00,Nazara kok ikut ikutan pake Hero kairi yang sebelumnya 😂,1,YouTube,nazara kok ikut ikutan pake hero kairi yang sebelumnya,"['nazara', 'kok', 'ikut', 'ikutan', 'pake', 'hero', 'kairi', 'yang', 'sebelumnya']",1,2026-06-13,0
@ndtw_12,2026-06-13 08:40:01+00:00,OTW PARISSSS,0,YouTube,otw parissss,"['otw', 'parissss']",0,2026-06-13,0
@130-brilliantkhoirulfath-f4,2026-06-13 08:30:17+00:00,7:06:37,2,YouTube,,[],0,2026-06-13,1
@nuranisasyawalia6396,2026-06-13 07:49:43+00:00,allahuakbar lutpiiiiiiii,3,YouTube,allahuakbar lutpiiiiiiii,"['allahuakbar', 'lutpiiiiiiii']",0,2026-06-13,0
@AsepSanjo,2026-06-13 07:13:03+00:00,Granf Final Onic vs BTR 4-0 Wkwk,2,YouTube,granf final onic vs btr wkwk,"['granf', 'final', 'onic', 'vs', 'btr', 'wkwk']",1,2026-06-13,8
@HilmanDitha,2026-06-13 06:59:05+00:00,6:12:40 atlas merdeka,3,YouTube,atlas merdeka,"['atlas', 'merdeka']",0,2026-06-13,0
@yourkeb,2026-06-13 06:43:57+00:00,Respect buat kairi kelra dan coach yeb ga make jaketnya dulu karna mereka segan bukan orang indo,2,YouTube,respect buat kairi kelra dan coach yeb tidak make jaketnya dulu karna mereka segan bukan orang indo,"['respect', 'buat', 'kairi', 'kelra', 'dan', 'coach', 'yeb', 'tidak', 'make', 'jaketnya', 'dulu', 'karna', 'mereka', 'segan', 'bukan', 'orang', 'indo']",1,2026-06-13,5
@Nanoxcobar,2026-06-13 06:38:52+00:00,Dan hanya bisa jadi badut di msc.,0,YouTube,dan hanya bisa jadi badut di msc,"['dan', 'hanya', 'bisa', 'jadi', 'badut', 'di', 'msc']",1,2026-06-13,0
@TawLan-z3o,2026-06-13 06:25:17+00:00,Game ke 3 GEEK Di poor 9 turret sama ONIC,0,YouTube,game ke geek di poor turret sama onic,"['game', 'ke', 'geek', 'di', 'poor', 'turret', 'sama', 'onic']",0,2026-06-13,0
@farischannel4478,2026-06-13 06:10:59+00:00,Capekk ah nt badut inter lagi SI onik,0,YouTube,capekk ah nt badut inter lagi si onik,"['capekk', 'ah', 'nt', 'badut', 'inter', 'lagi', 'si', 'onik']",1,2026-06-13,0
@IQ85-Arp,2026-06-13 05:35:59+00:00,rrq beban hama,0,YouTube,rrq beban hama,"['rrq', 'beban', 'hama']",1,2026-06-13,0
@LaucatyasXD,2026-06-13 04:49:25+00:00,Geek or BTR siapa yang akan melawan onic di grand final,0,YouTube,geek or btr siapa yang akan melawan onic di grand final,"['geek', 'or', 'btr', 'siapa', 'yang', 'akan', 'melawan', 'onic', 'di', 'grand', 'final']",1,2026-06-13,0
@faizan.i8644,2026-06-13 04:33:29+00:00,Boikot kairi pemain Filipina penghianat kedaulatan indo,0,YouTube,boikot kairi pemain filipina penghianat kedaulatan indo,"['boikot', 'kairi', 'pemain', 'filipina', 'penghianat', 'kedaulatan', 'indo']",1,2026-06-13,5
@Hend0__0,2026-06-13 04:13:07+00:00,"Boring nya, onic mulu",1,YouTube,boring nya onic mulu,"['boring', 'nya', 'onic', 'mulu']",1,2026-06-13,0
@Alfatio_o,2026-06-13 04:02:35+00:00,bukti bahwa onic masih strong walau gak ada si adi 😂,0,YouTube,bukti bahwa onic masih strong walau tidak ada si adi,"['bukti', 'bahwa', 'onic', 'masih', 'strong', 'walau', 'tidak', 'ada', 'si', 'adi']",1,2026-06-13,0
@hardianhardi93,2026-06-13 02:41:27+00:00,"Bener jir ga tossan baloy sama kiboy, kaya buru"" Gitu baloy kaya malu gitu",1,YouTube,bener jir tidak tossan baloy sama kiboy kaya buru gitu baloy kaya malu gitu,"['bener', 'jir', 'tidak', 'tossan', 'baloy', 'sama', 'kiboy', 'kaya', 'buru', 'gitu', 'baloy', 'kaya', 'malu', 'gitu']",1,2026-06-13,0
@PayungHoki,2026-06-13 02:29:06+00:00,Round 3 Geek bukannya ngajak war malah terlalu fokus kelord padahal lutpi lagi tempur sama minion dibase,1,YouTube,round geek bukannya ngajak war malah terlalu fokus kelord padahal lutpi lagi tempur sama minion dibase,"['round', 'geek', 'bukannya', 'ngajak', 'war', 'malah', 'terlalu', 'fokus', 'kelord', 'padahal', 'lutpi', 'lagi', 'tempur', 'sama', 'minion', 'dibase']",1,2026-06-13,0
@ahmadfauzi9207,2026-06-13 01:28:34+00:00,Gila gilaaa jd ingat onic pas lawan echo pas snapdragon ap MSc 3periode lalu. Nge comeback 7 lord echo.,24,YouTube,gila gilaaa jadi ingat onic pas lawan echo pas snapdragon ap msc periode lalu nge comeback lord echo,"['gila', 'gilaaa', 'jadi', 'ingat', 'onic', 'pas', 'lawan', 'echo', 'pas', 'snapdragon', 'ap', 'msc', 'periode', 'lalu', 'nge', 'comeback', 'lord', 'echo']",1,2026-06-13,0
@PaulMaulan,2026-06-13 01:19:30+00:00,gua terakhir,1,YouTube,gua terakhir,"['gua', 'terakhir']",1,2026-06-13,0
@hakimi2403,2026-06-13 00:55:55+00:00,Ez server,1,YouTube,ez server,"['ez', 'server']",0,2026-06-13,0
@shrlrmdhn.1427,2026-06-13 00:38:44+00:00,saveeroo,3,YouTube,saveeroo,['saveeroo'],0,2026-06-13,0
@angggassaga1302,2026-06-13 00:12:16+00:00,"Yen, kelar dan Kairi gk mau pakai jaket Indonesia nya wkwkwkw😅",0,YouTube,yen kelar dan kairi tidak mau pakai jaket indonesia nya wkwkwkw,"['yen', 'kelar', 'dan', 'kairi', 'tidak', 'mau', 'pakai', 'jaket', 'indonesia', 'nya', 'wkwkwkw']",1,2026-06-13,0
@mayyyYT,2026-06-12 23:58:06+00:00,Padahal ini playoff ada king beras onic masih aja ga tembus 6/7jt view 😂😂😂,0,YouTube,padahal ini playoff ada king beras onic masih aja tidak tembus jt view,"['padahal', 'ini', 'playoff', 'ada', 'king', 'beras', 'onic', 'masih', 'aja', 'tidak', 'tembus', 'jt', 'view']",0,2026-06-12,0
@Minaa-b9k,2026-06-12 23:20:54+00:00,"Pasti seru nanti srg vs onic soalnya punya kelra , yg kemaren juga ada skylar tapi mode ppq",3,YouTube,pasti seru nanti srg vs onic soalnya punya kelra yang kemaren juga ada skylar tapi mode ppq,"['pasti', 'seru', 'nanti', 'srg', 'vs', 'onic', 'soalnya', 'punya', 'kelra', 'yang', 'kemaren', 'juga', 'ada', 'skylar', 'tapi', 'mode', 'ppq']",1,2026-06-12,0
@Nuradaya,2026-06-12 23:01:14+00:00,Karna game ini kalah dan menangnya sudah ditentukan sistem harusnya team² suren aja biar moonton ketauan belangnya karna udah di pastikan onic udah di setting jadi pemenangnya,2,YouTube,karna game ini kalah dan menangnya sudah ditentukan sistem harusnya team² suren aja biar moonton ketauan belangnya karna sudah di pastikan onic sudah di setting jadi pemenangnya,"['karna', 'game', 'ini', 'kalah', 'dan', 'menangnya', 'sudah', 'ditentukan', 'sistem', 'harusnya', 'team²', 'suren', 'aja', 'biar', 'moonton', 'ketauan', 'belangnya', 'karna', 'sudah', 'di', 'pastikan', 'onic', 'sudah', 'di', 'setting', 'jadi', 'pemenangnya']",1,2026-06-12,0
@JADENSUKAAYAM,2026-06-12 22:53:48+00:00,di tl yang main cuma aran😂,1,YouTube,di tl yang main cuma aran,"['di', 'tl', 'yang', 'main', 'cuma', 'aran']",1,2026-06-12,0
@fajr_666,2026-06-12 22:06:26+00:00,"Ooo itu jungle yang pas di interview keluar uratnya 😅, pantes buangan🤣",0,YouTube,ooo itu jungle yang pas di interview keluar uratnya pantes buangan,"['ooo', 'itu', 'jungle', 'yang', 'pas', 'di', 'interview', 'keluar', 'uratnya', 'pantes', 'buangan']",1,2026-06-12,0
@KAIRI-SANZ,2026-06-12 22:00:03+00:00,8:13:17 3-0,0,YouTube,,[],0,2026-06-12,1
@_maeiltawaumare_5205,2026-06-12 21:07:00+00:00,GGWP onic salam dari malaysia game last mental dan pengalaman defend 7 lord lawan ECHO PH harap nanti SRG dan onic bagi match yang seru goodluck semoga champion lagi salam dari  sonic  malaysia😊😊😊😊😊😊😊,10,YouTube,ggwp onic salam dari malaysia game last mental dan pengalaman defend lord lawan echo ph harap nanti srg dan onic bagi match yang seru goodluck semoga champion lagi salam dari sonic malaysia,"['ggwp', 'onic', 'salam', 'dari', 'malaysia', 'game', 'last', 'mental', 'dan', 'pengalaman', 'defend', 'lord', 'lawan', 'echo', 'ph', 'harap', 'nanti', 'srg', 'dan', 'onic', 'bagi', 'match', 'yang', 'seru', 'goodluck', 'semoga', 'champion', 'lagi', 'salam', 'dari', 'sonic', 'malaysia']",1,2026-06-12,0
@tomoyasenn,2026-06-12 19:57:08+00:00,8:01:44 LUTPI GELUD AMA MINION 3 LANE WKWK,3,YouTube,lutpi gelud ama minion lane wkwk,"['lutpi', 'gelud', 'ama', 'minion', 'lane', 'wkwk']",0,2026-06-12,0
@muhammadfaldoxiimm1344,2026-06-12 18:57:26+00:00,gooo oniccc,1,YouTube,gooo oniccc,"['gooo', 'oniccc']",0,2026-06-12,0
@Fadilsopskopen,2026-06-12 18:02:46+00:00,gg,0,YouTube,gg,['gg'],0,2026-06-12,3
@muhammadarifin1848,2026-06-12 17:35:09+00:00,Gokil lutpi,1,YouTube,gokil lutpi,"['gokil', 'lutpi']",0,2026-06-12,0
@NurMila-p9p,2026-06-12 17:06:31+00:00,RRQ DARKSISTEM BOT🫵🏻🤣🤡,1,YouTube,rrq darksistem bot,"['rrq', 'darksistem', 'bot']",1,2026-06-12,4
@SaputraAnis-m9h,2026-06-12 16:58:58+00:00,Siuuuuuu ONIC 🔥🔥🔥,2,YouTube,siuuuuuu onic,"['siuuuuuu', 'onic']",0,2026-06-12,0
@SridewiKarifna,2026-06-12 16:58:31+00:00,Klo aeron ad pasti dia bsa naikin mental kawan²ny,2,YouTube,kalau aeron ad pasti dia bsa naikin mental kawan²ny,"['kalau', 'aeron', 'ad', 'pasti', 'dia', 'bsa', 'naikin', 'mental', 'kawan²ny']",1,2026-06-12,0
@Kotaangin506,2026-06-12 16:52:55+00:00,8:05:47  yang lain udah selebrasi sedangkan bro masih clear minion😅,0,YouTube,yang lain sudah selebrasi sedangkan bro masih clear minion,"['yang', 'lain', 'sudah', 'selebrasi', 'sedangkan', 'bro', 'masih', 'clear', 'minion']",1,2026-06-12,0
@cyberantz7688,2026-06-12 16:46:39+00:00,Nub ya geek,0,YouTube,nub ya geek,"['nub', 'ya', 'geek']",0,2026-06-12,0
@Tangansatulah,2026-06-12 16:41:28+00:00,Wowwt🎉,1,YouTube,wowwt,['wowwt'],0,2026-06-12,0
@MUHAMMADFADLILDN,2026-06-12 16:34:28+00:00,AYO SONIC PASTI KITA AKAN BISA MENANG LET'S GO ONIC 😎😎😎💛🖤💛🖤💛🖤💛🖤,0,YouTube,ayo sonic pasti kita akan bisa menang let s go onic,"['ayo', 'sonic', 'pasti', 'kita', 'akan', 'bisa', 'menang', 'let', 's', 'go', 'onic']",0,2026-06-12,7
@rozakipml8869,2026-06-12 16:33:46+00:00,"GO GO GO,,,ONIC,,,MF YG LAIN,,,🙏
MENGGONGGONGLAH SEPUAS KALIAN,,😂😂😂🤣🤣🤣",0,YouTube,go go go onic mf yang lain menggonggonglah sepuas kalian,"['go', 'go', 'go', 'onic', 'mf', 'yang', 'lain', 'menggonggonglah', 'sepuas', 'kalian']",1,2026-06-12,0
@muhammadfakhruzi,2026-06-12 16:31:50+00:00,YEP di tugasin di playoff,1,YouTube,yep di tugasin di playoff,"['yep', 'di', 'tugasin', 'di', 'playoff']",0,2026-06-12,0
@doki5283,2026-06-12 16:25:40+00:00,06:35:30,1,YouTube,,[],0,2026-06-12,1
@YTAhlamOfficial,2026-06-12 16:11:10+00:00,Seneng banget liat 1 Tim Onic Senang + Bahagia.,11,YouTube,seneng banget liat tim onic senang bahagia,"['seneng', 'banget', 'liat', 'tim', 'onic', 'senang', 'bahagia']",1,2026-06-12,0
@mamman_resing,2026-06-12 16:06:45+00:00,"Kelazz kontes lord 4 vs 5
Onic🔥🔥🔥",4,YouTube,kelazz kontes lord vs onic,"['kelazz', 'kontes', 'lord', 'vs', 'onic']",0,2026-06-12,-1
@rizkyalfian5340,2026-06-12 16:06:14+00:00,8:07:17 baloy ga mau salaman sama kiboy😅😅,6,YouTube,baloy tidak mau salaman sama kiboy,"['baloy', 'tidak', 'mau', 'salaman', 'sama', 'kiboy']",1,2026-06-12,0
@arieckingoziel6039,2026-06-12 16:05:33+00:00,"ini loh tugas exp lane sebenarnya kalau udah kalah laning wave, ga harus join war lord, itu ga ada lutpi juga bakal kena split push, soalnya ga ada hero yg kuat buat nahan minion sama hero push, gg salut sama lutpi bisa survive digang 3 orang",87,YouTube,ini loh tugas exp lane sebenarnya kalau sudah kalah laning wave tidak harus join war lord itu tidak ada lutpi juga bakal kena split push soalnya tidak ada hero yang kuat buat nahan minion sama hero push gg salut sama lutpi bisa survive digang orang,"['ini', 'loh', 'tugas', 'exp', 'lane', 'sebenarnya', 'kalau', 'sudah', 'kalah', 'laning', 'wave', 'tidak', 'harus', 'join', 'war', 'lord', 'itu', 'tidak', 'ada', 'lutpi', 'juga', 'bakal', 'kena', 'split', 'push', 'soalnya', 'tidak', 'ada', 'hero', 'yang', 'kuat', 'buat', 'nahan', 'minion', 'sama', 'hero', 'push', 'gg', 'salut', 'sama', 'lutpi', 'bisa', 'survive', 'digang', 'orang']",1,2026-06-12,0
@ahmadmahpud1036,2026-06-12 16:04:45+00:00,Jgn di arep onic piala dunia... Kecuali btr,0,YouTube,jgn di arep onic piala dunia kecuali btr,"['jgn', 'di', 'arep', 'onic', 'piala', 'dunia', 'kecuali', 'btr']",1,2026-06-12,0
@ahmadmahpud1036,2026-06-12 16:03:04+00:00,G perlu onic ph sama liquid ph jg bkln kalah onic indo,0,YouTube,g perlu onic ph sama liquid ph jg bkln kalah onic indo,"['g', 'perlu', 'onic', 'ph', 'sama', 'liquid', 'ph', 'jg', 'bkln', 'kalah', 'onic', 'indo']",0,2026-06-12,3
@ariefhidayatullah5247,2026-06-12 16:00:27+00:00,njirr baloy ga berjabat tangan sma kiboy why ada apa ya? baper kalih si baloy yak kalah wkwk,0,YouTube,njirr baloy tidak berjabat tangan sma kiboy why ada apa ya baper kalih si baloy yak kalah wkwk,"['njirr', 'baloy', 'tidak', 'berjabat', 'tangan', 'sma', 'kiboy', 'why', 'ada', 'apa', 'ya', 'baper', 'kalih', 'si', 'baloy', 'yak', 'kalah', 'wkwk']",1,2026-06-12,0
@ranata48,2026-06-12 15:56:47+00:00,"Edan kontes lord 4 vs 5 bisa ngimbangi loh ya,
Lutpii jadi penjaga gawang😂",32,YouTube,edan kontes lord vs bisa ngimbangi loh ya lutpii jadi penjaga gawang,"['edan', 'kontes', 'lord', 'vs', 'bisa', 'ngimbangi', 'loh', 'ya', 'lutpii', 'jadi', 'penjaga', 'gawang']",1,2026-06-12,-1
@hafiramadhani281,2026-06-12 15:56:02+00:00,Nazara retri Indomaret,1,YouTube,nazara retri indomaret,"['nazara', 'retri', 'indomaret']",0,2026-06-12,0
@Aizen24871,2026-06-12 15:50:41+00:00,Onic id vs geek id 3 game absulately cinema✋🏻😛🤚🏻,1,YouTube,onic id vs geek id game absulately cinema,"['onic', 'id', 'vs', 'geek', 'id', 'game', 'absulately', 'cinema']",0,2026-06-12,-1
@cengokrantas8913,2026-06-12 15:46:24+00:00,Mampus nazara 😂,0,YouTube,mampus nazara,"['mampus', 'nazara']",1,2026-06-12,0
@anggafirmansyah4197,2026-06-12 15:41:43+00:00,JAUH BGT LIQUID ID SAMA LIQUID PH WKWKWKWK,1,YouTube,jauh banget liquid id sama liquid ph wkwkwkwk,"['jauh', 'banget', 'liquid', 'id', 'sama', 'liquid', 'ph', 'wkwkwkwk']",0,2026-06-12,0
@sandiprayoga2082,2026-06-12 15:38:21+00:00,"8:20:13 ✨
Mau TTD kunci totem EWC ?

Scene :

8:06:10 - 8:23:32

30:39 🥰
NEVINNE is girls turners
mari nobar aksi satria BIMA X 🔥

Scene :

8:24:39 - 8:38:06 - 8:40:32

40:32 Allysa natalie

Side reporter
nobar di MWI 2026

8:17:19 🖤💛
Datang pembawa asa
sang ratu keajaiban, washifa

1 slot defender
of MWI 2026 at EWC

8:17:37 TEAM VITALITY

BE MAGICAL A DOMINATE ✨

Scene :

8:18:00 - 8:18:23 - 8:18:53

Butuh 1 tim slot lagi
akan ditemani TEAM VITALITY ?

So, kita tunggu
hadir di MPL ARENA

Apakah OFF line / ON line ?

PLAYOFF BERDARAH
BOG SEASON 2

15 - 17 JUNI 2026

8:43:13 🔥
WE OWN THIS ! ✊

8:43:43 ☺️👋
I 💛 TEAM VITALITY
WASHIFA MAGICAL QUEEN 👸

R A T A K A N ! 👊",1,YouTube,mau ttd kunci totem ewc scene nevinne is girls turners mari nobar aksi satria bima x scene allysa natalie side reporter nobar di mwi datang pembawa asa sang ratu keajaiban washifa slot defender of mwi at ewc team vitality be magical a dominate scene butuh tim slot lagi akan ditemani team vitality so kita tunggu hadir di mpl arena apakah off line on line playoff berdarah bog season juni we own this i team vitality washifa magical queen r a t a k a n,"['mau', 'ttd', 'kunci', 'totem', 'ewc', 'scene', 'nevinne', 'is', 'girls', 'turners', 'mari', 'nobar', 'aksi', 'satria', 'bima', 'x', 'scene', 'allysa', 'natalie', 'side', 'reporter', 'nobar', 'di', 'mwi', 'datang', 'pembawa', 'asa', 'sang', 'ratu', 'keajaiban', 'washifa', 'slot', 'defender', 'of', 'mwi', 'at', 'ewc', 'team', 'vitality', 'be', 'magical', 'a', 'dominate', 'scene', 'butuh', 'tim', 'slot', 'lagi', 'akan', 'ditemani', 'team', 'vitality', 'so', 'kita', 'tunggu', 'hadir', 'di', 'mpl', 'arena', 'apakah', 'off', 'line', 'on', 'line', 'playoff', 'berdarah', 'bog', 'season', 'juni', 'we', 'own', 'this', 'i', 'team', 'vitality', 'washifa', 'magical', 'queen', 'r', 'a', 't', 'a', 'k', 'a', 'n']",1,2026-06-12,0
@AkunBaru-iu8te,2026-06-12 15:37:40+00:00,Terlalu mewah Lutfi,3,YouTube,terlalu mewah lutfi,"['terlalu', 'mewah', 'lutfi']",1,2026-06-12,0
@abujahil-y1k,2026-06-12 15:36:27+00:00,caster highlight onic mlu,0,YouTube,caster highlight onic mlu,"['caster', 'highlight', 'onic', 'mlu']",0,2026-06-12,0
@Gemoy-k8t,2026-06-12 15:32:21+00:00,Geek begoo,0,YouTube,geek begoo,"['geek', 'begoo']",0,2026-06-12,0
@miichaaeellll,2026-06-12 15:30:45+00:00,6:12:39 bisa' nya tu caster diem aja sanz ulti angin 😂😂,7,YouTube,bisa nya tu caster diem aja sanz ulti angin,"['bisa', 'nya', 'tu', 'caster', 'diem', 'aja', 'sanz', 'ulti', 'angin']",0,2026-06-12,0
@ranata48,2026-06-12 15:26:54+00:00,YANG MAIN TIM APA YG HEBOH SIAPA😂 apelaj Livechat isinya rrq mulu,1,YouTube,yang main tim apa yang heboh siapa apelaj livechat isinya rrq mulu,"['yang', 'main', 'tim', 'apa', 'yang', 'heboh', 'siapa', 'apelaj', 'livechat', 'isinya', 'rrq', 'mulu']",1,2026-06-12,0
@kahfisinai,2026-06-12 15:22:21+00:00,"Gila sumpah onic game dua kairi menit 7 udah lv 12,semngat onicc❤",2,YouTube,gila sumpah onic game dua kairi menit sudah lv semngat onicc,"['gila', 'sumpah', 'onic', 'game', 'dua', 'kairi', 'menit', 'sudah', 'lv', 'semngat', 'onicc']",1,2026-06-12,0
@PapaPipiSufi,2026-06-12 15:21:05+00:00,buruk kali stage nya,0,YouTube,buruk kali stage nya,"['buruk', 'kali', 'stage', 'nya']",1,2026-06-12,0
@PapaPipiSufi,2026-06-12 15:20:52+00:00,CAMERA MAN INDONESIA LEMAH WKWK STAGE MACAM DALAM RUMAH😂 LAGU PON MCM K POP WKWKKEKE INDOG,0,YouTube,camera man indonesia lemah wkwk stage macam dalam rumah lagu pon mcm k pop wkwkkeke indog,"['camera', 'man', 'indonesia', 'lemah', 'wkwk', 'stage', 'macam', 'dalam', 'rumah', 'lagu', 'pon', 'mcm', 'k', 'pop', 'wkwkkeke', 'indog']",0,2026-06-12,0
@mhmmdfrizalghifari,2026-06-12 15:19:51+00:00,"jujur gua sebagai POV penonton mpl netral. ngeliat onic lagi lagi lagi, udah nggak bisa dapet vibes playyof mpl 😅 (kalo match onic)  saking liga taninya ini wkwkwk",1,YouTube,jujur gua sebagai pov penonton mpl netral ngeliat onic lagi lagi lagi sudah nggak bisa dapet vibes playyof mpl kalau match onic saking liga taninya ini wkwkwk,"['jujur', 'gua', 'sebagai', 'pov', 'penonton', 'mpl', 'netral', 'ngeliat', 'onic', 'lagi', 'lagi', 'lagi', 'sudah', 'nggak', 'bisa', 'dapet', 'vibes', 'playyof', 'mpl', 'kalau', 'match', 'onic', 'saking', 'liga', 'taninya', 'ini', 'wkwkwk']",1,2026-06-12,0
@dikisaputra8423,2026-06-12 15:19:27+00:00,Liga tani,1,YouTube,liga tani,"['liga', 'tani']",0,2026-06-12,0
@RebeccaCoxe-i8h4s,2026-06-12 15:18:59+00:00,"Final berarti RR9 vs ONIC ya? Kin9dom siap2 nonton, 9ua ikut nanti buat ngeliat Kin9 RR9",1,YouTube,final berarti rr vs onic ya kin dom siap nonton ua ikut nanti buat ngeliat kin rr,"['final', 'berarti', 'rr', 'vs', 'onic', 'ya', 'kin', 'dom', 'siap', 'nonton', 'ua', 'ikut', 'nanti', 'buat', 'ngeliat', 'kin', 'rr']",0,2026-06-12,0
@RivalValzz1,2026-06-12 15:17:46+00:00,Timnas mana😂😂😂,0,YouTube,timnas mana,"['timnas', 'mana']",0,2026-06-12,0
@Dargoone,2026-06-12 15:17:30+00:00,Bude lucu bgt wkwkwkwk di 06:39:45 ngajak savero aktif,18,YouTube,bude lucu banget wkwkwkwk di ngajak savero aktif,"['bude', 'lucu', 'banget', 'wkwkwkwk', 'di', 'ngajak', 'savero', 'aktif']",0,2026-06-12,0
@etidiana9383,2026-06-12 15:13:39+00:00,👍💖💖💖💖,0,YouTube,,[],0,2026-06-12,1
@yourbetadine,2026-06-12 15:11:50+00:00,MPL sehat ga si? lagi war malah munculin hand cam/face cam. hal2 ga penting malah dimunculin di momen krusial. BINTANG 1 lah,0,YouTube,mpl sehat tidak si lagi war malah munculin hand cam face cam hal tidak penting malah dimunculin di momen krusial bintang lah,"['mpl', 'sehat', 'tidak', 'si', 'lagi', 'war', 'malah', 'munculin', 'hand', 'cam', 'face', 'cam', 'hal', 'tidak', 'penting', 'malah', 'dimunculin', 'di', 'momen', 'krusial', 'bintang', 'lah']",1,2026-06-12,-1
@topgloballing-p6g,2026-06-12 15:09:02+00:00,aslinya ieu teh,0,YouTube,aslinya ieu teh,"['aslinya', 'ieu', 'teh']",0,2026-06-12,0
@Entropyy7,2026-06-12 15:01:58+00:00,Lutpi di game 3 nyambi jadi kang bersih2 minion njir😂,56,YouTube,lutpi di game nyambi jadi kang bersih minion njir,"['lutpi', 'di', 'game', 'nyambi', 'jadi', 'kang', 'bersih', 'minion', 'njir']",1,2026-06-12,0
@serolazreen9011,2026-06-12 14:57:24+00:00,LIGA TANI,1,YouTube,liga tani,"['liga', 'tani']",0,2026-06-12,0
@ケケ-v9z,2026-06-12 14:52:14+00:00,Tadi Harusnya Ngak Usah Main udah kasih Onic aja 3-1,1,YouTube,tadi harusnya ngak usah main sudah kasih onic aja,"['tadi', 'harusnya', 'ngak', 'usah', 'main', 'sudah', 'kasih', 'onic', 'aja']",1,2026-06-12,0
@AahRobiah-j6r,2026-06-12 14:46:44+00:00,Baloy ngga tosan sm kiboy😂,7,YouTube,baloy ngga tosan sama kiboy,"['baloy', 'ngga', 'tosan', 'sama', 'kiboy']",0,2026-06-12,0
@zaranye,2026-06-12 14:45:32+00:00,Ke Prancis kita,3,YouTube,ke prancis kita,"['ke', 'prancis', 'kita']",0,2026-06-12,0
@lanjiilucius,2026-06-12 14:45:25+00:00,org sibuk war lutpi sibuk bersih bersih minion😹😹,5,YouTube,org sibuk war lutpi sibuk bersih bersih minion,"['org', 'sibuk', 'war', 'lutpi', 'sibuk', 'bersih', 'bersih', 'minion']",1,2026-06-12,0
@erinazhafira9204,2026-06-12 14:44:17+00:00,Jago lokal giliran MSC ngebagong,2,YouTube,jago lokal giliran msc ngebagong,"['jago', 'lokal', 'giliran', 'msc', 'ngebagong']",0,2026-06-12,0
@AhqafChannel,2026-06-12 14:44:09+00:00,"andai onic PH lolos ewc, pasti bakal rame lagi vlog mereka di GH Onic 😭",24,YouTube,andai onic ph lolos ewc pasti bakal rame lagi vlog mereka di gh onic,"['andai', 'onic', 'ph', 'lolos', 'ewc', 'pasti', 'bakal', 'rame', 'lagi', 'vlog', 'mereka', 'di', 'gh', 'onic']",1,2026-06-12,0
@Zyy_Mole,2026-06-12 14:37:25+00:00,Leher belakang kelra dicium Ama Sanz jir😹,0,YouTube,leher belakang kelra dicium ama sanz jir,"['leher', 'belakang', 'kelra', 'dicium', 'ama', 'sanz', 'jir']",1,2026-06-12,0
@DolorSilentium-v5p,2026-06-12 14:37:00+00:00,"Gua mau pendapat sbr pihak netral utk yg ngmng mpl id liga tani segala macem aplah itu ya ga ush ngeluh jir😂😂😂. Kalo misal mplny liga tani didominasi onic dri s9 ya salahin tim yg laen jg lah gapernah bs improve buat ngalahin onic😂. Gitu2 aj mulu maenny kan klo tim laen yg lawan onic, kalah trio mid, kalah early, susah bikin gerakan, ujung2ny kalah smpe late game. 

Ditambah diorng tu pemainny punya pengalaman lumayan lama jg, sanz dri s4, coach mantan jurdun, pengalaman defend lord berkali2, disiplin juga maennya. Dan juga gua yakin, tim lain itu tu kalo ketemu onic pun di match, pasti mereka kalah mental, kalah psikis juga kek ""waduh lawan onic lagi, susah nih lawannya"" dan lu diharusin untuk menang supaya bisa masuk ke babak selanjutny gitu.

Jadi klo lu mau ngmng ya ni mpl ga asik liga tani sgalam macem, ydh lu gsh nonton aj skalian, mentang2 tim kesayangan lo kalah gabisa ngalahin onic mlh nyalahin onicny 😂😂😂. Diorng jg mo menang lah, dan tim2 laen jg mo menang dan naekin standarny kek onic loh. Klo misal juga mindset lorng masih kek gitu, lorng aj ngetrial coba di tim2 besar itu, lorng cb sendiri rasanya ngelawan onic, gsh lah onic, tim laen dlu aj kek rrq evos navi dewa dll. Pasti gemeter jg ujung2nya 😂😂😂.",5,YouTube,gua mau pendapat sbr pihak netral utk yang ngmng mpl id liga tani segala macem aplah itu ya tidak ush ngeluh jir kalau misal mplny liga tani didominasi onic dri s ya salahin tim yang laen jg lah gapernah bs improve buat ngalahin onic gitu aj mulu maenny kan kalau tim laen yang lawan onic kalah trio mid kalah early susah bikin gerakan ujung ny kalah smpe late game ditambah diorng tu pemainny punya pengalaman lumayan lama jg sanz dri s coach mantan jurdun pengalaman defend lord berkali disiplin juga maennya dan juga gua yakin tim lain itu tu kalau ketemu onic pun di match pasti mereka kalah mental kalah psikis juga kek waduh lawan onic lagi susah nih lawannya dan kamu diharusin untuk menang supaya bisa masuk ke babak selanjutny gitu jadi kalau kamu mau ngmng ya ni mpl tidak asik liga tani sgalam macem ydh kamu gsh nonton aj skalian mentang tim kesayangan kamu kalah gabisa ngalahin onic mlh nyalahin onicny diorng jg mo menang lah dan tim laen jg mo menang dan naekin standarny kek onic loh kalau misal juga mindset lorng masih kek gitu lorng aj ngetrial coba di tim besar itu lorng cb sendiri rasanya ngelawan onic gsh lah onic tim laen dlu aj kek rrq evos navi dewa dll pasti gemeter jg ujung nya,"['gua', 'mau', 'pendapat', 'sbr', 'pihak', 'netral', 'utk', 'yang', 'ngmng', 'mpl', 'id', 'liga', 'tani', 'segala', 'macem', 'aplah', 'itu', 'ya', 'tidak', 'ush', 'ngeluh', 'jir', 'kalau', 'misal', 'mplny', 'liga', 'tani', 'didominasi', 'onic', 'dri', 's', 'ya', 'salahin', 'tim', 'yang', 'laen', 'jg', 'lah', 'gapernah', 'bs', 'improve', 'buat', 'ngalahin', 'onic', 'gitu', 'aj', 'mulu', 'maenny', 'kan', 'kalau', 'tim', 'laen', 'yang', 'lawan', 'onic', 'kalah', 'trio', 'mid', 'kalah', 'early', 'susah', 'bikin', 'gerakan', 'ujung', 'ny', 'kalah', 'smpe', 'late', 'game', 'ditambah', 'diorng', 'tu', 'pemainny', 'punya', 'pengalaman', 'lumayan', 'lama', 'jg', 'sanz', 'dri', 's', 'coach', 'mantan', 'jurdun', 'pengalaman', 'defend', 'lord', 'berkali', 'disiplin', 'juga', 'maennya', 'dan', 'juga', 'gua', 'yakin', 'tim', 'lain', 'itu', 'tu', 'kalau', 'ketemu', 'onic', 'pun', 'di', 'match', 'pasti', 'mereka', 'kalah', 'mental', 'kalah', 'psikis', 'juga', 'kek', 'waduh', 'lawan', 'onic', 'lagi', 'susah', 'nih', 'lawannya', 'dan', 'kamu', 'diharusin', 'untuk', 'menang', 'supaya', 'bisa', 'masuk', 'ke', 'babak', 'selanjutny', 'gitu', 'jadi', 'kalau', 'kamu', 'mau', 'ngmng', 'ya', 'ni', 'mpl', 'tidak', 'asik', 'liga', 'tani', 'sgalam', 'macem', 'ydh', 'kamu', 'gsh', 'nonton', 'aj', 'skalian', 'mentang', 'tim', 'kesayangan', 'kamu', 'kalah', 'gabisa', 'ngalahin', 'onic', 'mlh', 'nyalahin', 'onicny', 'diorng', 'jg', 'mo', 'menang', 'lah', 'dan', 'tim', 'laen', 'jg', 'mo', 'menang', 'dan', 'naekin', 'standarny', 'kek', 'onic', 'loh', 'kalau', 'misal', 'juga', 'mindset', 'lorng', 'masih', 'kek', 'gitu', 'lorng', 'aj', 'ngetrial', 'coba', 'di', 'tim', 'besar', 'itu', 'lorng', 'cb', 'sendiri', 'rasanya', 'ngelawan', 'onic', 'gsh', 'lah', 'onic', 'tim', 'laen', 'dlu', 'aj', 'kek', 'rrq', 'evos', 'navi', 'dewa', 'dll', 'pasti', 'gemeter', 'jg', 'ujung', 'nya']",1,2026-06-12,0
@h4t4ke42,2026-06-12 14:36:53+00:00,Go go go Onic MSC menangin lagi 🔥🔥🔥,19,YouTube,go go go onic msc menangin lagi,"['go', 'go', 'go', 'onic', 'msc', 'menangin', 'lagi']",1,2026-06-12,0
@FatkurRozi-j6k,2026-06-12 14:34:56+00:00,"Wkwkwkwk klo aku jadi exp punya jangler indomaret langsung aku pukul woy,, wkwkwkw udah di tbin masi indomaret😂😂😂😂",0,YouTube,wkwkwkwk kalau aku jadi exp punya jangler indomaret langsung aku pukul woy wkwkwkw sudah di tbin masi indomaret,"['wkwkwkwk', 'kalau', 'aku', 'jadi', 'exp', 'punya', 'jangler', 'indomaret', 'langsung', 'aku', 'pukul', 'woy', 'wkwkwkw', 'sudah', 'di', 'tbin', 'masi', 'indomaret']",1,2026-06-12,0
@cobainAbis,2026-06-12 14:33:02+00:00,"Ae mana ya,",0,YouTube,ae mana ya,"['ae', 'mana', 'ya']",0,2026-06-12,0
@Defringantengbetjir1,2026-06-12 14:28:55+00:00,sanz harus cumbak rambut merah,32,YouTube,sanz harus cumbak rambut merah,"['sanz', 'harus', 'cumbak', 'rambut', 'merah']",1,2026-06-12,0
@Lebronpacesunda,2026-06-12 14:28:42+00:00,Lutfi 4 menit clear minion trilane😂😂😂,28,YouTube,lutfi menit clear minion trilane,"['lutfi', 'menit', 'clear', 'minion', 'trilane']",0,2026-06-12,0
@AbiyyuNaufal-h7j,2026-06-12 14:27:12+00:00,Njir gw tebak 3-0 ternyata bener cok,2,YouTube,njir saya tebak ternyata bener cok,"['njir', 'saya', 'tebak', 'ternyata', 'bener', 'cok']",1,2026-06-12,0
@BananaT-0,2026-06-12 14:22:08+00:00,"Kenapa jaket gak dikasih pas team ladies aja sih😑, justru mereka yg full indo. Lebih baik lagi kalo timnas indo nya yg di panggil ke panggung untuk pemberian jaket. Kalo gini keliatan awkward banget ada kelra, kairi n coach yeb yg jelas ph😵‍💫",1,YouTube,kenapa jaket tidak dikasih pas team ladies aja sih justru mereka yang full indo lebih baik lagi kalau timnas indo nya yang di panggil ke panggung untuk pemberian jaket kalau gini keliatan awkward banget ada kelra kairi n coach yeb yang jelas ph,"['kenapa', 'jaket', 'tidak', 'dikasih', 'pas', 'team', 'ladies', 'aja', 'sih', 'justru', 'mereka', 'yang', 'full', 'indo', 'lebih', 'baik', 'lagi', 'kalau', 'timnas', 'indo', 'nya', 'yang', 'di', 'panggil', 'ke', 'panggung', 'untuk', 'pemberian', 'jaket', 'kalau', 'gini', 'keliatan', 'awkward', 'banget', 'ada', 'kelra', 'kairi', 'n', 'coach', 'yeb', 'yang', 'jelas', 'ph']",1,2026-06-12,5
@kyleeTzzzyy,2026-06-12 14:21:31+00:00,"Makanya tim tim lain improv dong, jangan nurunin standar onic",2,YouTube,makanya tim tim lain improv dong jangan nurunin standar onic,"['makanya', 'tim', 'tim', 'lain', 'improv', 'dong', 'jangan', 'nurunin', 'standar', 'onic']",1,2026-06-12,0
@CyanWolfer,2026-06-12 14:18:46+00:00,"[ TLID ] —VS— [ BTR ]

• Game 1 - Draft 52:00 - Start 58:14
• Game 2 - Draft 1:30:34 - Start 1:37:17
• Game 3 - Draft 2:27:56 - Start 2:35:16

[ Before Match ]
• Player Intro 42:35

[ After Match ]
• Interview 2:49:26
• Player Of The Match 2:59:44
────────────────────
[ GEEK ] —VS— [ ONIC ]

• Game 1 - Draft 6:02:47 - Start 6:10:24
• Game 2 - Draft 6:43:30 - Start 6:53:05
• Game 3 - Draft 7:26:39 - Start 7:33:30

[ Before Match ]
• Player Intro 5:51:02

[ After Match ]
• Interview 8:09:05
• Player Of The Match 8:27:22
────────────────────
Playoff Bracket 8:36:41
Tomorrow's Schedule 8:37:17
────────────────────
— CyanWolfer —",164,YouTube,tlid —vs— btr • game draft start • game draft start • game draft start before match • player intro after match • interview • player of the match ──────────────────── geek —vs— onic • game draft start • game draft start • game draft start before match • player intro after match • interview • player of the match ──────────────────── playoff bracket tomorrow s schedule ──────────────────── — cyanwolfer —,"['tlid', '—vs—', 'btr', '•', 'game', 'draft', 'start', '•', 'game', 'draft', 'start', '•', 'game', 'draft', 'start', 'before', 'match', '•', 'player', 'intro', 'after', 'match', '•', 'interview', '•', 'player', 'of', 'the', 'match', '────────────────────', 'geek', '—vs—', 'onic', '•', 'game', 'draft', 'start', '•', 'game', 'draft', 'start', '•', 'game', 'draft', 'start', 'before', 'match', '•', 'player', 'intro', 'after', 'match', '•', 'interview', '•', 'player', 'of', 'the', 'match', '────────────────────', 'playoff', 'bracket', 'tomorrow', 's', 'schedule', '────────────────────', '—', 'cyanwolfer', '—']",0,2026-06-12,-1
@Reinzkyyyy,2026-06-12 14:18:39+00:00,"LIGA TANI MPL ID, MY, PH DAN MSERIES",3,YouTube,liga tani mpl id my ph dan mseries,"['liga', 'tani', 'mpl', 'id', 'my', 'ph', 'dan', 'mseries']",0,2026-06-12,0
@NatureBrilliant,2026-06-12 14:17:58+00:00,"Dulu waktu RRQ mendominasi, menang mulu, gw berharap tim lain menang (onic),
sekarang sama aja, onic menang mulu, gw berharap tim lain menang, pengennya sih tim indo sama2 kuat. biar kompe.
makanya klu liat ada orang yang ngefans bgt sama satu tim, bagi gw itu aneh wkwkkw",1,YouTube,dulu waktu rrq mendominasi menang mulu saya berharap tim lain menang onic sekarang sama aja onic menang mulu saya berharap tim lain menang pengennya sih tim indo sama kuat biar kompe makanya klu liat ada orang yang ngefans banget sama satu tim bagi saya itu aneh wkwkkw,"['dulu', 'waktu', 'rrq', 'mendominasi', 'menang', 'mulu', 'saya', 'berharap', 'tim', 'lain', 'menang', 'onic', 'sekarang', 'sama', 'aja', 'onic', 'menang', 'mulu', 'saya', 'berharap', 'tim', 'lain', 'menang', 'pengennya', 'sih', 'tim', 'indo', 'sama', 'kuat', 'biar', 'kompe', 'makanya', 'klu', 'liat', 'ada', 'orang', 'yang', 'ngefans', 'banget', 'sama', 'satu', 'tim', 'bagi', 'saya', 'itu', 'aneh', 'wkwkkw']",1,2026-06-12,0
@AlexzanderZulkarnain,2026-06-12 14:16:55+00:00,"Warga konoha bilang malaysia liga tani,jika dimalaysia liga tani di konoha liga apa??????",1,YouTube,warga konoha bilang malaysia liga tani jika dimalaysia liga tani di konoha liga apa,"['warga', 'konoha', 'bilang', 'malaysia', 'liga', 'tani', 'jika', 'dimalaysia', 'liga', 'tani', 'di', 'konoha', 'liga', 'apa']",1,2026-06-12,0
@Alghani-l9w,2026-06-12 14:16:51+00:00,Gilakk last game kek lawan echo dulu🔥,7,YouTube,gilakk last game kek lawan echo dulu,"['gilakk', 'last', 'game', 'kek', 'lawan', 'echo', 'dulu']",0,2026-06-12,0
@DHS-129,2026-06-12 14:16:16+00:00,Gila di tinggal dikit menang emg onic the best dibantai 0-3😌,1,YouTube,gila di tinggal dikit menang emg onic the best dibantai,"['gila', 'di', 'tinggal', 'dikit', 'menang', 'emg', 'onic', 'the', 'best', 'dibantai']",1,2026-06-12,0
@Danxx12,2026-06-12 14:14:32+00:00,Ppq sedang menagis,1,YouTube,ppq sedang menagis,"['ppq', 'sedang', 'menagis']",1,2026-06-12,-1
@RifqiWafi88,2026-06-12 14:14:03+00:00,"Team liquid cabut aja dari divisi mlbb gak ada yg bener mainnya, itu klub terkenal berprestasi di dunia masa kalah sama di liga lokalan bikin malu aja cabut aja tuh dari divisi mlbb balik aja namanya jadi aura sama echo. Team liquid masuk mlbb karena nyari untung aja dari viewers atau supporter prestasi gak ada. Cabang ID mending balik aja jadi aura kalau PH terserah mau TLPH atau Echo",0,YouTube,team liquid cabut aja dari divisi mlbb tidak ada yang bener mainnya itu klub terkenal berprestasi di dunia masa kalah sama di liga lokalan bikin malu aja cabut aja tuh dari divisi mlbb balik aja namanya jadi aura sama echo team liquid masuk mlbb karena nyari untung aja dari viewers atau supporter prestasi tidak ada cabang id mending balik aja jadi aura kalau ph terserah mau tlph atau echo,"['team', 'liquid', 'cabut', 'aja', 'dari', 'divisi', 'mlbb', 'tidak', 'ada', 'yang', 'bener', 'mainnya', 'itu', 'klub', 'terkenal', 'berprestasi', 'di', 'dunia', 'masa', 'kalah', 'sama', 'di', 'liga', 'lokalan', 'bikin', 'malu', 'aja', 'cabut', 'aja', 'tuh', 'dari', 'divisi', 'mlbb', 'balik', 'aja', 'namanya', 'jadi', 'aura', 'sama', 'echo', 'team', 'liquid', 'masuk', 'mlbb', 'karena', 'nyari', 'untung', 'aja', 'dari', 'viewers', 'atau', 'supporter', 'prestasi', 'tidak', 'ada', 'cabang', 'id', 'mending', 'balik', 'aja', 'jadi', 'aura', 'kalau', 'ph', 'terserah', 'mau', 'tlph', 'atau', 'echo']",1,2026-06-12,0
@Konstantinopel-he8vt,2026-06-12 14:13:56+00:00,Giliran lawan tim PH pasti kalah wkwkwk,1,YouTube,giliran lawan tim ph pasti kalah wkwkwk,"['giliran', 'lawan', 'tim', 'ph', 'pasti', 'kalah', 'wkwkwk']",0,2026-06-12,0
@Someone_17.08,2026-06-12 14:13:37+00:00,"KOAR KOAR LAGI LU PADA HATERS ONIC, NUNGGUIN ONIC KALAH? MIMPI BASAH AWKWKWK😹",20,YouTube,koar koar lagi kamu pada haters onic nungguin onic kalah mimpi basah awkwkwk,"['koar', 'koar', 'lagi', 'kamu', 'pada', 'haters', 'onic', 'nungguin', 'onic', 'kalah', 'mimpi', 'basah', 'awkwkwk']",1,2026-06-12,0
@Konstantinopel-he8vt,2026-06-12 14:12:44+00:00,MPL sekarang kurang menarik terlihat monoton yg di dominasi onic yg juara tim itu saja,8,YouTube,mpl sekarang kurang menarik terlihat monoton yang di dominasi onic yang juara tim itu saja,"['mpl', 'sekarang', 'kurang', 'menarik', 'terlihat', 'monoton', 'yang', 'di', 'dominasi', 'onic', 'yang', 'juara', 'tim', 'itu', 'saja']",1,2026-06-12,0
@rizkyaja8672,2026-06-12 14:12:01+00:00,🎉,0,YouTube,,[],0,2026-06-12,1
@blancosblancos-ud2wq,2026-06-12 14:11:35+00:00,"YANG MENANG ONIC, YANG KALAH GEEKFAM,,, YANG KEJANG2,NGAMUK2 KEK ODGJ MALAH FANS PPQ KONDOGGGGG😝😜😆",32,YouTube,yang menang onic yang kalah geekfam yang kejang ngamuk kek odgj malah fans ppq kondoggggg,"['yang', 'menang', 'onic', 'yang', 'kalah', 'geekfam', 'yang', 'kejang', 'ngamuk', 'kek', 'odgj', 'malah', 'fans', 'ppq', 'kondoggggg']",1,2026-06-12,0
@SKIZYEPEP,2026-06-12 14:10:51+00:00,Fans gek menangis di pojokan,1,YouTube,fans gek menangis di pojokan,"['fans', 'gek', 'menangis', 'di', 'pojokan']",0,2026-06-12,0
@MAS_RUSDI_48,2026-06-12 14:10:28+00:00,Kacian woi haters onic nunggu onic kalah sampe lumutan wkwkwk😹,111,YouTube,kacian woi haters onic nunggu onic kalah sampe lumutan wkwkwk,"['kacian', 'woi', 'haters', 'onic', 'nunggu', 'onic', 'kalah', 'sampe', 'lumutan', 'wkwkwk']",0,2026-06-12,0
@ZahidNgelag-v7k1e,2026-06-12 14:09:46+00:00,6:38:49 SAVEROOO,14,YouTube,saverooo,['saverooo'],0,2026-06-12,0
@IMM_X_KYUTIEGAMING,2026-06-12 14:09:27+00:00,Geek kacung,0,YouTube,geek kacung,"['geek', 'kacung']",0,2026-06-12,0
@SKIZYEPEP,2026-06-12 14:09:24+00:00,its Ooniiic time,12,YouTube,its ooniiic time,"['its', 'ooniiic', 'time']",0,2026-06-12,0
@sukismadi5422,2026-06-12 14:08:06+00:00,KONDOM NANGIS🤣🤣🤡🤡🤡🐔PPQ BOT MPL👎,0,YouTube,kondom nangisppq bot mpl,"['kondom', 'nangisppq', 'bot', 'mpl']",1,2026-06-12,0
@Howardaura,2026-06-12 14:07:59+00:00,GEEK VS BTR,0,YouTube,geek vs btr,"['geek', 'vs', 'btr']",0,2026-06-12,-1
@ARIMUX,2026-06-12 14:07:54+00:00,"IT'S ONIC TIME, IT'S MSC TIME",3,YouTube,it s onic time it s msc time,"['it', 's', 'onic', 'time', 'it', 's', 'msc', 'time']",0,2026-06-12,0
@vconksonbravy,2026-06-12 14:07:29+00:00,ppq ga main berisik mulu,29,YouTube,ppq tidak main berisik mulu,"['ppq', 'tidak', 'main', 'berisik', 'mulu']",1,2026-06-12,-1
@alasioss,2026-06-12 14:07:25+00:00,"Gg onic, btw pertama wkwk",1,YouTube,gg onic btw pertama wkwk,"['gg', 'onic', 'btw', 'pertama', 'wkwk']",0,2026-06-12,3
@alieghifary3556,2026-06-23 01:15:21+00:00,"2:49:30
 Itu cewe namanya siapa guys ? 
Pliiss yang tau bantuin jawab",0,YouTube,itu cewe namanya siapa guys pliiss yang tau bantuin jawab,"['itu', 'cewe', 'namanya', 'siapa', 'guys', 'pliiss', 'yang', 'tau', 'bantuin', 'jawab']",1,2026-06-23,0
@LorenRivers-n2e,2026-06-17 16:58:21+00:00,"Loved this video, keep up the great work!",0,YouTube,loved this video keep up the great work,"['loved', 'this', 'video', 'keep', 'up', 'the', 'great', 'work']",0,2026-06-17,-1
@ayomi_ayomz,2026-06-16 03:06:10+00:00,8:49:50 kesini cuma mau liat video  dapon komen pinggir jurang 😂😂😂😂,0,YouTube,kesini cuma mau liat video dapon komen pinggir jurang,"['kesini', 'cuma', 'mau', 'liat', 'video', 'dapon', 'komen', 'pinggir', 'jurang']",1,2026-06-16,-1
@TouchMe22,2026-06-15 09:00:02+00:00,"8:49:50 wadaw pinggir jurang, panik gak panik ga😂",1,YouTube,wadaw pinggir jurang panik tidak panik tidak,"['wadaw', 'pinggir', 'jurang', 'panik', 'tidak', 'panik', 'tidak']",1,2026-06-15,0
@massdang,2026-06-14 01:48:39+00:00,Kesini cuma mau liat dapon dengan joks bapak bapak nya haha😂,0,YouTube,kesini cuma mau liat dapon dengan joks bapak bapak nya haha,"['kesini', 'cuma', 'mau', 'liat', 'dapon', 'dengan', 'joks', 'bapak', 'bapak', 'nya', 'haha']",1,2026-06-14,0
@mfr29tv96,2026-06-13 15:06:19+00:00,8:49:44 papa dapon malah blunder loh ya😂,0,YouTube,papa dapon malah blunder loh ya,"['papa', 'dapon', 'malah', 'blunder', 'loh', 'ya']",0,2026-06-13,0
@repaansyah,2026-06-13 06:47:11+00:00,1:15:20 2:49:20 itu cewe yg pake bando siapa yak namanya?,0,YouTube,itu cewe yang pake bando siapa yak namanya,"['itu', 'cewe', 'yang', 'pake', 'bando', 'siapa', 'yak', 'namanya']",1,2026-06-13,0
@GunturOpm,2026-06-12 04:27:24+00:00,What Melisa jungle,0,YouTube,what melisa jungle,"['what', 'melisa', 'jungle']",0,2026-06-12,0
@nnarev,2026-06-12 01:33:57+00:00,7:34:40 7:34:44 7:34:52 7:34:58 7:35:01 7:35:06 7:35:11 7:35:17 7:35:19 7:35:20 7:35:21 7:35:22 7:35:22 7:35:23 7:35:26 7:35:26 7:35:26 7:35:26 7:35:27 7:35:27 7:35:27 7:35:29 7:35:39 7:35:41 7:35:43 7:35:44 7:35:45 7:35:49 btr 7:36:09,0,YouTube,btr,['btr'],0,2026-06-12,0
@vcux-i,2026-06-11 10:32:02+00:00,Singkat saja karma is real 😂,0,YouTube,singkat saja karma is real,"['singkat', 'saja', 'karma', 'is', 'real']",1,2026-06-11,0
@trieeM,2026-06-11 09:43:03+00:00,menit berapaa min,0,YouTube,menit berapaa min,"['menit', 'berapaa', 'min']",0,2026-06-11,0
@Darent-s5i,2026-06-11 08:20:00+00:00,8:49:51,4,YouTube,,[],0,2026-06-11,1
@noonecandefeatph,2026-06-11 08:19:45+00:00,No ph no win,0,YouTube,no ph no win,"['no', 'ph', 'no', 'win']",0,2026-06-11,0
@yopipratama6902,2026-06-11 06:39:46+00:00,EVOS DRAF SAMPAH. GANTI CHOCH,0,YouTube,evos draf sampah ganti choch,"['evos', 'draf', 'sampah', 'ganti', 'choch']",1,2026-06-11,0
@shrlrmdhn.1427,2026-06-11 06:17:54+00:00,di sapu bersih sama onic,1,YouTube,di sapu bersih sama onic,"['di', 'sapu', 'bersih', 'sama', 'onic']",0,2026-06-11,0
@bintangramadhan185,2026-06-11 04:49:15+00:00,"Seru Nih,, Lawan ONIC ☠️",0,YouTube,seru nih lawan onic,"['seru', 'nih', 'lawan', 'onic']",1,2026-06-11,0
@andreyhartawans5513,2026-06-11 04:45:22+00:00,emann goldlaner terbaik di muka bumi,0,YouTube,emann goldlaner terbaik di muka bumi,"['emann', 'goldlaner', 'terbaik', 'di', 'muka', 'bumi']",0,2026-06-11,0
@zzeaeanita,2026-06-11 04:39:16+00:00,ranger emas out aja bias nya keliatan banget wkwkkw,0,YouTube,ranger emas out aja bias nya keliatan banget wkwkkw,"['ranger', 'emas', 'out', 'aja', 'bias', 'nya', 'keliatan', 'banget', 'wkwkkw']",0,2026-06-11,0
@Zadu46,2026-06-11 04:15:29+00:00,BTR JUARANYA ..FINAL,1,YouTube,btr juaranya final,"['btr', 'juaranya', 'final']",1,2026-06-11,0
@Dokterwin,2026-06-11 04:01:35+00:00,nazara game 3 ini kena bayar apa gimana ?,0,YouTube,nazara game ini kena bayar apa gimana,"['nazara', 'game', 'ini', 'kena', 'bayar', 'apa', 'gimana']",1,2026-06-11,0
@JIJIY123,2026-06-11 02:38:12+00:00,Luke impostor ato gmn,0,YouTube,luke impostor ato gmn,"['luke', 'impostor', 'ato', 'gmn']",0,2026-06-11,0
@herbertsatterfield-j4e,2026-06-11 02:00:10+00:00,Ceritanya bikin baper! 💕𝐌0𝐍𝐀𝟒𝐃🟣 bikin emosi tersampaikan dengan pas!,1,YouTube,ceritanya bikin baper 𝐌 𝐍𝐀 𝐃 bikin emosi tersampaikan dengan pas,"['ceritanya', 'bikin', 'baper', '𝐌', '𝐍𝐀', '𝐃', 'bikin', 'emosi', 'tersampaikan', 'dengan', 'pas']",0,2026-06-11,0
@lemuelpendleton,2026-06-11 02:00:05+00:00,Keren abis transisinya! 💕𝐌0𝐍𝐀𝟒𝐃🟣 bikin video ini smooth banget!,0,YouTube,keren abis transisinya 𝐌 𝐍𝐀 𝐃 bikin video ini smooth banget,"['keren', 'abis', 'transisinya', '𝐌', '𝐍𝐀', '𝐃', 'bikin', 'video', 'ini', 'smooth', 'banget']",0,2026-06-11,-1
@jaspermiller-p4w,2026-06-11 01:59:59+00:00,Komedinya gokil! 💕𝐌0𝐍𝐀𝟒𝐃🟣 bikin aku ketawa sampe perut sakit!,2,YouTube,komedinya gokil 𝐌 𝐍𝐀 𝐃 bikin aku ketawa sampe perut sakit,"['komedinya', 'gokil', '𝐌', '𝐍𝐀', '𝐃', 'bikin', 'aku', 'ketawa', 'sampe', 'perut', 'sakit']",0,2026-06-11,0
@kakaganteng1869,2026-06-11 01:59:49+00:00,Epic moment: 7:10:09,2,YouTube,epic moment,"['epic', 'moment']",0,2026-06-11,0
@filibertolarsen,2026-06-11 01:59:07+00:00,Tutorialnya gampang diikuti! 💕𝐌0𝐍𝐀𝟒𝐃🟣 bikin aku langsung paham caranya!,0,YouTube,tutorialnya gampang diikuti 𝐌 𝐍𝐀 𝐃 bikin aku langsung paham caranya,"['tutorialnya', 'gampang', 'diikuti', '𝐌', '𝐍𝐀', '𝐃', 'bikin', 'aku', 'langsung', 'paham', 'caranya']",1,2026-06-11,-1
@Tobroniii,2026-06-11 01:14:05+00:00,MOBA KOK ANALOG #nicerick 6:38:32,0,YouTube,moba kok analog,"['moba', 'kok', 'analog']",0,2026-06-11,0
@ryanjir,2026-06-11 01:01:54+00:00,itu draft pick game 2 kalo gk ada kb pasti masih ngomongin oura oura oura,1,YouTube,itu draft pick game kalau tidak ada kb pasti masih ngomongin oura oura oura,"['itu', 'draft', 'pick', 'game', 'kalau', 'tidak', 'ada', 'kb', 'pasti', 'masih', 'ngomongin', 'oura', 'oura', 'oura']",1,2026-06-11,0
@syamfikram1722,2026-06-11 00:58:01+00:00,Berisik komentator ini,0,YouTube,berisik komentator ini,"['berisik', 'komentator', 'ini']",0,2026-06-11,0
@Jenghis_han,2026-06-11 00:34:31+00:00,I LOVE YOU VYN,0,YouTube,i love you vyn,"['i', 'love', 'you', 'vyn']",1,2026-06-11,0
@DafidAlfarez,2026-06-11 00:19:45+00:00,2:48:32 recall nya woy atas gak dijaga yang jaga tipis,2,YouTube,recall nya woy atas tidak dijaga yang jaga tipis,"['recall', 'nya', 'woy', 'atas', 'tidak', 'dijaga', 'yang', 'jaga', 'tipis']",1,2026-06-11,0
@jokerian2412,2026-06-11 00:17:55+00:00,"Seru nih BTR V Onic

Soale Onic blom bisa menang lawan BTR season ini",0,YouTube,seru nih btr v onic soale onic blom bisa menang lawan btr season ini,"['seru', 'nih', 'btr', 'v', 'onic', 'soale', 'onic', 'blom', 'bisa', 'menang', 'lawan', 'btr', 'season', 'ini']",1,2026-06-11,0
@PeaksLeaks,2026-06-11 00:09:07+00:00,Rrq kpn maen,1,YouTube,rrq kpn maen,"['rrq', 'kpn', 'maen']",0,2026-06-11,0
@agungsandi6513,2026-06-11 00:01:25+00:00,kayak lu jago aja LUke...main kayak anjeng,0,YouTube,kayak kamu jago aja luke main kayak anjeng,"['kayak', 'kamu', 'jago', 'aja', 'luke', 'main', 'kayak', 'anjeng']",1,2026-06-11,0
@zakysm,2026-06-10 23:19:05+00:00,cemilan onic,0,YouTube,cemilan onic,"['cemilan', 'onic']",0,2026-06-10,0
@ameliakyu3258,2026-06-10 23:13:28+00:00,9:30:58 bener bgt btr solid maennya,5,YouTube,bener banget btr solid maennya,"['bener', 'banget', 'btr', 'solid', 'maennya']",0,2026-06-10,0
@LutfanLutfanMuhammad,2026-06-10 22:10:19+00:00,Evos ffekkk,0,YouTube,evos ffekkk,"['evos', 'ffekkk']",0,2026-06-10,0
@rubyjinmorrow,2026-06-10 21:30:16+00:00,"Siap-siap Onic dipulangin BTR

Congrats BTR & TLID goes to EWC Paris🇫🇷",0,YouTube,siap siap onic dipulangin btr congrats btr tlid goes to ewc paris,"['siap', 'siap', 'onic', 'dipulangin', 'btr', 'congrats', 'btr', 'tlid', 'goes', 'to', 'ewc', 'paris']",0,2026-06-10,-1
@ajarunnerkorea8419,2026-06-10 21:15:50+00:00,Ngantok dengar caster indo ngak seru seperti caster Malaysia.,0,YouTube,ngantok dengar caster indo ngak seru seperti caster malaysia,"['ngantok', 'dengar', 'caster', 'indo', 'ngak', 'seru', 'seperti', 'caster', 'malaysia']",1,2026-06-10,0
@Rexjii28,2026-06-10 20:50:05+00:00,BOCIL M WANG GA KELIATAN INI😂😂,0,YouTube,bocil m wang tidak keliatan ini,"['bocil', 'm', 'wang', 'tidak', 'keliatan', 'ini']",1,2026-06-10,0
@Yyzv1,2026-06-10 20:41:55+00:00,Terimakasih btr meyelamatkan dunia dari kebisingan,21,YouTube,terimakasih btr meyelamatkan dunia dari kebisingan,"['terimakasih', 'btr', 'meyelamatkan', 'dunia', 'dari', 'kebisingan']",1,2026-06-10,9
@Zen_Andra_AA,2026-06-10 20:15:57+00:00,"Coach adi acak acak onic, coach vyn acak acak evos",0,YouTube,coach adi acak acak onic coach vyn acak acak evos,"['coach', 'adi', 'acak', 'acak', 'onic', 'coach', 'vyn', 'acak', 'acak', 'evos']",1,2026-06-10,0
@killerskull_2401,2026-06-10 20:08:33+00:00,7:06:02 ada gw bjir😹,1,YouTube,ada saya bjir,"['ada', 'saya', 'bjir']",1,2026-06-10,0
@Pejuang_hidupmu,2026-06-10 20:08:32+00:00,Terbaik sih BTR❤🎉🎉🎉,1,YouTube,terbaik sih btr,"['terbaik', 'sih', 'btr']",0,2026-06-10,0
@subhanidani-d8s,2026-06-10 19:09:22+00:00,Waw beneran 5jt ?😮,0,YouTube,waw beneran jt,"['waw', 'beneran', 'jt']",0,2026-06-10,0
@sharksgaming7223,2026-06-10 18:42:06+00:00,2:44:59 Jungler buangan evos ngapain wkwk,1,YouTube,jungler buangan evos ngapain wkwk,"['jungler', 'buangan', 'evos', 'ngapain', 'wkwk']",1,2026-06-10,0
@Inisial_DR,2026-06-10 18:27:22+00:00,"Jelasin dong, kok itu evos game ke 2,bisa re-draft melissa ganti saber?? 
Apakah benar anak pemda 😂😂😂",0,YouTube,jelasin dong kok itu evos game ke bisa re draft melissa ganti saber apakah benar anak pemda,"['jelasin', 'dong', 'kok', 'itu', 'evos', 'game', 'ke', 'bisa', 're', 'draft', 'melissa', 'ganti', 'saber', 'apakah', 'benar', 'anak', 'pemda']",1,2026-06-10,0
@KingJohnRyza06,2026-06-10 18:18:16+00:00,"Geloo ngeri banget maennya Geek dan BTR. NT Dewa, NT Evos.",1,YouTube,geloo ngeri banget maennya geek dan btr nt dewa nt evos,"['geloo', 'ngeri', 'banget', 'maennya', 'geek', 'dan', 'btr', 'nt', 'dewa', 'nt', 'evos']",0,2026-06-10,0
@FahriCan-t7j,2026-06-10 18:17:24+00:00,"Gw sonic kalo gak onic juara, walaupun udah pasti juara gw respect buat btr kalo beneran yakin  dan konsisten buat ingin juara go btr for gw sonik, 

Onic/onic gak butuh mpl,tapi harapan onic/sonik adalah piala msc-mseries yoo semangat onic",5,YouTube,saya sonic kalau tidak onic juara walaupun sudah pasti juara saya respect buat btr kalau beneran yakin dan konsisten buat ingin juara go btr for saya sonik onic onic tidak butuh mpl tapi harapan onic sonik adalah piala msc mseries yoo semangat onic,"['saya', 'sonic', 'kalau', 'tidak', 'onic', 'juara', 'walaupun', 'sudah', 'pasti', 'juara', 'saya', 'respect', 'buat', 'btr', 'kalau', 'beneran', 'yakin', 'dan', 'konsisten', 'buat', 'ingin', 'juara', 'go', 'btr', 'for', 'saya', 'sonik', 'onic', 'onic', 'tidak', 'butuh', 'mpl', 'tapi', 'harapan', 'onic', 'sonik', 'adalah', 'piala', 'msc', 'mseries', 'yoo', 'semangat', 'onic']",1,2026-06-10,0
@yourbetadine,2026-06-10 18:14:41+00:00,erlan ganti eman. gold evos poke bngt,1,YouTube,erlan ganti eman gold evos poke bngt,"['erlan', 'ganti', 'eman', 'gold', 'evos', 'poke', 'bngt']",1,2026-06-10,0
@seehalbret,2026-06-10 18:13:50+00:00,9:22:00  itu knp di ketok kepala ny😂,7,YouTube,itu knp di ketok kepala ny,"['itu', 'knp', 'di', 'ketok', 'kepala', 'ny']",1,2026-06-10,0
@NasuhaWoylah,2026-06-10 18:08:43+00:00,Aran kangen sir pai,1,YouTube,aran kangen sir pai,"['aran', 'kangen', 'sir', 'pai']",1,2026-06-10,0
@roxyjr1962,2026-06-10 18:06:10+00:00,sayonara voss,1,YouTube,sayonara voss,"['sayonara', 'voss']",0,2026-06-10,0
@ahmadfauzi9207,2026-06-10 17:52:31+00:00,Maybee @dewaunited ganti sih. Gk bisa gendong. Nunggu snow ball dr tim aja.,2,YouTube,maybee ganti sih tidak bisa gendong nunggu snow ball dr tim aja,"['maybee', 'ganti', 'sih', 'tidak', 'bisa', 'gendong', 'nunggu', 'snow', 'ball', 'dr', 'tim', 'aja']",1,2026-06-10,0
@sandiprayoga2082,2026-06-10 17:50:10+00:00,"14:14 🌸✨
Hero HIRARA debut MWI 2026 ?

25:01 🥰✨
Clara mongstar is coming
well ready PLAYOFFS BOG S2

Scene : 30:24

25:34 ⚔️
Set - nya berubah tampil
ada panggilan srikandi MAGIC 5 ✨

28:23 😊👏
MPL arena dipake buat
PLAYOFF BERDARAH BOG S2

Are you ready ?

Jangan mau kalah sama
SEA region qualifiers MWI 2026

PH 🇵🇭 - MY 🇲🇾 - MM 🇲🇲

28:34 🥰✨
Eits, ada co - host sabila
bakal temani PLAYOFF BOG S2 

Scene : 29:26

29:51 😎
Jaket terbaru MPL ID
keajaiban eranya lahir juara

Apalagi jagoan utama
ex pro player, vio caramel 

31:03 ✨
Plakat segitiga EWC paris
siap kirimkan 1 tim indonesia 🇮🇩

32:50 🤔
""WHO'S NEXT ?"" ( Mongstar )

32:59 😄🔥
hadirnya maskot MPL ID
datang SUGA (Surya Garuda)

bawa selalu terhubung
watch phone dari Infinix GT

Washifa, Jameelah, Aqila
kami berjuang MWI 2026 di paris

33:58 👊🔥
WE OWN THIS ! ✊

9:58:06 😍
Dua bidadari host MPL ID
respon terima BOG season 2

Scene : 10:00:09

10:02:53 ✊
Tapi setelah usai
PLAYOFF MPL ID S17

KALIAN BISA INDONESIA JUARA 🇮🇩

- - - - - 🦅🔥 - - - - -

10:01:49 🔥
2 icon war mask of bali
pride JKT48 FIGHT ! BIMA X",4,YouTube,hero hirara debut mwi clara mongstar is coming well ready playoffs bog s scene set nya berubah tampil ada panggilan srikandi magic mpl arena dipake buat playoff berdarah bog s are you ready jangan mau kalah sama sea region qualifiers mwi ph my mm eits ada co host sabila bakal temani playoff bog s scene jaket terbaru mpl id keajaiban eranya lahir juara apalagi jagoan utama ex pro player vio caramel plakat segitiga ewc paris siap kirimkan tim indonesia who s next mongstar hadirnya maskot mpl id datang suga surya garuda bawa selalu terhubung watch phone dari infinix gt washifa jameelah aqila kami berjuang mwi di paris we own this dua bidadari host mpl id respon terima bog season scene tapi setelah usai playoff mpl id s kalian bisa indonesia juara icon war mask of bali pride jkt fight bima x,"['hero', 'hirara', 'debut', 'mwi', 'clara', 'mongstar', 'is', 'coming', 'well', 'ready', 'playoffs', 'bog', 's', 'scene', 'set', 'nya', 'berubah', 'tampil', 'ada', 'panggilan', 'srikandi', 'magic', 'mpl', 'arena', 'dipake', 'buat', 'playoff', 'berdarah', 'bog', 's', 'are', 'you', 'ready', 'jangan', 'mau', 'kalah', 'sama', 'sea', 'region', 'qualifiers', 'mwi', 'ph', 'my', 'mm', 'eits', 'ada', 'co', 'host', 'sabila', 'bakal', 'temani', 'playoff', 'bog', 's', 'scene', 'jaket', 'terbaru', 'mpl', 'id', 'keajaiban', 'eranya', 'lahir', 'juara', 'apalagi', 'jagoan', 'utama', 'ex', 'pro', 'player', 'vio', 'caramel', 'plakat', 'segitiga', 'ewc', 'paris', 'siap', 'kirimkan', 'tim', 'indonesia', 'who', 's', 'next', 'mongstar', 'hadirnya', 'maskot', 'mpl', 'id', 'datang', 'suga', 'surya', 'garuda', 'bawa', 'selalu', 'terhubung', 'watch', 'phone', 'dari', 'infinix', 'gt', 'washifa', 'jameelah', 'aqila', 'kami', 'berjuang', 'mwi', 'di', 'paris', 'we', 'own', 'this', 'dua', 'bidadari', 'host', 'mpl', 'id', 'respon', 'terima', 'bog', 'season', 'scene', 'tapi', 'setelah', 'usai', 'playoff', 'mpl', 'id', 's', 'kalian', 'bisa', 'indonesia', 'juara', 'icon', 'war', 'mask', 'of', 'bali', 'pride', 'jkt', 'fight', 'bima', 'x']",1,2026-06-10,0
@Moonkaa27,2026-06-10 17:49:18+00:00,gelo,1,YouTube,gelo,['gelo'],1,2026-06-10,0
@adityapsXD,2026-06-10 17:48:20+00:00,Undang Akatsuki jadi Caster,1,YouTube,undang akatsuki jadi caster,"['undang', 'akatsuki', 'jadi', 'caster']",0,2026-06-10,0
@kalclip,2026-06-10 17:36:22+00:00,nt semuaa,1,YouTube,nt semuaa,"['nt', 'semuaa']",0,2026-06-10,0
@oziahmad5198,2026-06-10 17:32:08+00:00,Wkwkwkwk,1,YouTube,wkwkwkwk,['wkwkwkwk'],0,2026-06-10,0
@androalex9392,2026-06-10 17:25:41+00:00,😢,1,YouTube,,[],0,2026-06-10,1
@zzeaeanita,2026-06-10 17:23:41+00:00,"EVALUASI BUAT CASTER
caster kurang fokus kek draft dan terlalu fokus kek hal yang lain yang sangat tidak penting,  terus caster gampang kek distrack dan malah mereka yang ngobrol sedangkan draft malah didiemin, dan kalo mau bercanda soal pick asal tolong yang logis dan masuk diakal, sumpah dengerin caster kayak gini tuh ganggu banget jujur!! yapping gak jelas dan sok asik, tolong saat draft ya fokus kek draft, dan juga selalu gak notice kalo UI lagi lag atau lagi erorr, gatau emang sengaja? dan caster kalo lagi mgecast selalu kecepatan dan jadi gak jelas ngomong apa dan ngejelasin apa ketika ada war.

dah sekian, terimakasih",1,YouTube,evaluasi buat caster caster kurang fokus kek draft dan terlalu fokus kek hal yang lain yang sangat tidak penting terus caster gampang kek distrack dan malah mereka yang ngobrol sedangkan draft malah didiemin dan kalau mau bercanda soal pick asal tolong yang logis dan masuk diakal sumpah dengerin caster kayak gini tuh ganggu banget jujur yapping tidak jelas dan sok asik tolong saat draft ya fokus kek draft dan juga selalu tidak notice kalau ui lagi lag atau lagi erorr gatau emang sengaja dan caster kalau lagi mgecast selalu kecepatan dan jadi tidak jelas ngomong apa dan ngejelasin apa ketika ada war dah sekian terimakasih,"['evaluasi', 'buat', 'caster', 'caster', 'kurang', 'fokus', 'kek', 'draft', 'dan', 'terlalu', 'fokus', 'kek', 'hal', 'yang', 'lain', 'yang', 'sangat', 'tidak', 'penting', 'terus', 'caster', 'gampang', 'kek', 'distrack', 'dan', 'malah', 'mereka', 'yang', 'ngobrol', 'sedangkan', 'draft', 'malah', 'didiemin', 'dan', 'kalau', 'mau', 'bercanda', 'soal', 'pick', 'asal', 'tolong', 'yang', 'logis', 'dan', 'masuk', 'diakal', 'sumpah', 'dengerin', 'caster', 'kayak', 'gini', 'tuh', 'ganggu', 'banget', 'jujur', 'yapping', 'tidak', 'jelas', 'dan', 'sok', 'asik', 'tolong', 'saat', 'draft', 'ya', 'fokus', 'kek', 'draft', 'dan', 'juga', 'selalu', 'tidak', 'notice', 'kalau', 'ui', 'lagi', 'lag', 'atau', 'lagi', 'erorr', 'gatau', 'emang', 'sengaja', 'dan', 'caster', 'kalau', 'lagi', 'mgecast', 'selalu', 'kecepatan', 'dan', 'jadi', 'tidak', 'jelas', 'ngomong', 'apa', 'dan', 'ngejelasin', 'apa', 'ketika', 'ada', 'war', 'dah', 'sekian', 'terimakasih']",1,2026-06-10,0
@TriMulya-i3l,2026-06-10 17:11:11+00:00,Satu kata buat evos di game ke 2 ngelepas poveus apa coba😭😭😭,1,YouTube,satu kata buat evos di game ke ngelepas poveus apa coba,"['satu', 'kata', 'buat', 'evos', 'di', 'game', 'ke', 'ngelepas', 'poveus', 'apa', 'coba']",1,2026-06-10,0
@eniindra1260,2026-06-10 17:07:34+00:00,"Evos kalau mau menang ganti itu exp, luke dari games 1 samapai selsai jdi dark sistem",5,YouTube,evos kalau mau menang ganti itu exp luke dari games samapai selsai jdi dark sistem,"['evos', 'kalau', 'mau', 'menang', 'ganti', 'itu', 'exp', 'luke', 'dari', 'games', 'samapai', 'selsai', 'jdi', 'dark', 'sistem']",1,2026-06-10,0
@eniindra1260,2026-06-10 17:06:26+00:00,Luke dark sistem,4,YouTube,luke dark sistem,"['luke', 'dark', 'sistem']",1,2026-06-10,4
@ZeronRyohei,2026-06-10 17:04:24+00:00,Pulung suaranya ngeden kaya orang lagi ribut 😂,6,YouTube,pulung suaranya ngeden kaya orang lagi ribut,"['pulung', 'suaranya', 'ngeden', 'kaya', 'orang', 'lagi', 'ribut']",1,2026-06-10,0
@NurMila-p9p,2026-06-10 17:02:12+00:00,RRQ DARKSISTEM BOT,1,YouTube,rrq darksistem bot,"['rrq', 'darksistem', 'bot']",1,2026-06-10,4
@evoSxbtr,2026-06-10 16:58:20+00:00,Mungkin tahun nya BTR semua divisi nya lolos ke turnamen internasional,4,YouTube,mungkin tahun nya btr semua divisi nya lolos ke turnamen internasional,"['mungkin', 'tahun', 'nya', 'btr', 'semua', 'divisi', 'nya', 'lolos', 'ke', 'turnamen', 'internasional']",1,2026-06-10,0
@HeriDevantara,2026-06-10 16:48:33+00:00,Luke kont,0,YouTube,luke kont,"['luke', 'kont']",0,2026-06-10,0
@yen9814,2026-06-10 16:47:02+00:00,"anjirr bosann banget liat , pick saber di mpl 🤣🤣 kayak grandmasterrr",1,YouTube,anjirr bosann banget liat pick saber di mpl kayak grandmasterrr,"['anjirr', 'bosann', 'banget', 'liat', 'pick', 'saber', 'di', 'mpl', 'kayak', 'grandmasterrr']",1,2026-06-10,0
@zulfiyeager6057,2026-06-10 16:45:51+00:00,Hertod efek is reall😂😂😂,14,YouTube,hertod efek is reall,"['hertod', 'efek', 'is', 'reall']",0,2026-06-10,6
@ElJuna-r3h,2026-06-10 16:37:24+00:00,Mampus kalah,1,YouTube,mampus kalah,"['mampus', 'kalah']",1,2026-06-10,0
@NazrilIrcham-y5l,2026-06-10 16:36:09+00:00,mampuaa😂,1,YouTube,mampuaa,['mampuaa'],0,2026-06-10,0
@JOHNDOE-do4rg,2026-06-10 16:29:59+00:00,3:12:21 mabok po iki wong kwkwkw matane kedip2 kaya make,2,YouTube,mabok po iki wong kwkwkw matane kedip kaya make,"['mabok', 'po', 'iki', 'wong', 'kwkwkw', 'matane', 'kedip', 'kaya', 'make']",1,2026-06-10,0
@RosliYusufEin,2026-06-10 16:26:12+00:00,EVOS DAN RRQ TUKAR PEMAIN TUKAR COACH TUKAR APA SAJA MUSTAHIL FINAL ...EVOS DAN RRQ HANYA MAMPU KENANG SEJARAH SILAM😂,1,YouTube,evos dan rrq tukar pemain tukar coach tukar apa saja mustahil final evos dan rrq hanya mampu kenang sejarah silam,"['evos', 'dan', 'rrq', 'tukar', 'pemain', 'tukar', 'coach', 'tukar', 'apa', 'saja', 'mustahil', 'final', 'evos', 'dan', 'rrq', 'hanya', 'mampu', 'kenang', 'sejarah', 'silam']",1,2026-06-10,0
@Kazan-q6v,2026-06-10 16:14:02+00:00,Remember! No Luke Have party..🎉,10,YouTube,remember no luke have party,"['remember', 'no', 'luke', 'have', 'party']",0,2026-06-10,0
@NanaNana-x4l,2026-06-10 16:11:04+00:00,Gue dukung BTR LOLOS MSC,1,YouTube,saya dukung btr lolos msc,"['saya', 'dukung', 'btr', 'lolos', 'msc']",1,2026-06-10,-1
@Adakdh,2026-06-10 16:08:48+00:00,Ini serius nih mpl playoff viewsnya ga sampek 5jt?,0,YouTube,ini serius nih mpl playoff viewsnya tidak sampek jt,"['ini', 'serius', 'nih', 'mpl', 'playoff', 'viewsnya', 'tidak', 'sampek', 'jt']",1,2026-06-10,0
@SunMoonGalaxy,2026-06-10 16:08:08+00:00,Erlan masih aja di mainin mm gblk gitu juga,0,YouTube,erlan masih aja di mainin mm gblk gitu juga,"['erlan', 'masih', 'aja', 'di', 'mainin', 'mm', 'gblk', 'gitu', 'juga']",1,2026-06-10,0
@samakarifin5739,2026-06-10 16:07:59+00:00,Mendng gagot atau hilda,1,YouTube,mendng gagot atau hilda,"['mendng', 'gagot', 'atau', 'hilda']",0,2026-06-10,0
@samakarifin5739,2026-06-10 16:07:36+00:00,Attlas gak maen malah di pic evos evos,1,YouTube,attlas tidak maen malah di pic evos evos,"['attlas', 'tidak', 'maen', 'malah', 'di', 'pic', 'evos', 'evos']",0,2026-06-10,0
@JnkzBoy,2026-06-10 16:06:05+00:00,"3kata lucu, evos mode playoff",1,YouTube,kata lucu evos mode playoff,"['kata', 'lucu', 'evos', 'mode', 'playoff']",1,2026-06-10,0
@haristoanggara9500,2026-06-10 16:05:44+00:00,Pak pulung suka ngomong kecepatan trus belepotan jadi gak jelas ngomong apa agak kureng jdi nontonnya,17,YouTube,pak pulung suka ngomong kecepatan trus belepotan jadi tidak jelas ngomong apa agak kureng jdi nontonnya,"['pak', 'pulung', 'suka', 'ngomong', 'kecepatan', 'trus', 'belepotan', 'jadi', 'tidak', 'jelas', 'ngomong', 'apa', 'agak', 'kureng', 'jdi', 'nontonnya']",1,2026-06-10,0
@saud552,2026-06-10 16:05:33+00:00,9:21:34 full rap,3,YouTube,full rap,"['full', 'rap']",0,2026-06-10,0
@Football90-Y,2026-06-10 15:56:20+00:00,Akankah BTR akan Mengikuti jejak AE season 16,52,YouTube,akankah btr akan mengikuti jejak ae season,"['akankah', 'btr', 'akan', 'mengikuti', 'jejak', 'ae', 'season']",0,2026-06-10,0
@muhamadfkri,2026-06-10 15:53:20+00:00,"AKATSUKI RC
6:33:11
6:38:34",9,YouTube,akatsuki rc,"['akatsuki', 'rc']",0,2026-06-10,0
@rizaipratama6614,2026-06-10 15:51:56+00:00,"evos tim lantam💜
gini amat tim oon💜💔😭",1,YouTube,evos tim lantam gini amat tim oon,"['evos', 'tim', 'lantam', 'gini', 'amat', 'tim', 'oon']",1,2026-06-10,0
@m.hannatazahri2967,2026-06-10 15:49:27+00:00,Moment EVOS salah Pick 7:03:35,8,YouTube,moment evos salah pick,"['moment', 'evos', 'salah', 'pick']",1,2026-06-10,0
@DiazWibisono-r3q,2026-06-10 15:48:48+00:00,Ipos isbak ( ke goa),6,YouTube,ipos isbak ke goa,"['ipos', 'isbak', 'ke', 'goa']",1,2026-06-10,0
@NoGame-n2i,2026-06-10 15:48:16+00:00,Yaudh onic libas cuy,0,YouTube,yaudh onic libas cuy,"['yaudh', 'onic', 'libas', 'cuy']",1,2026-06-10,0
@CyanWolfer,2026-06-10 15:39:44+00:00,"[ DEWA ] —VS— [ GEEK ]

• Game 1 - Draft 54:36 - Start 1:01:09
• Game 2 - Draft 1:33:30 - Start 1:39:13
• Game 3 - Draft 2:16:45 - Start 2:22:23

[ Before Match ]
• Player Intro 45:22

[ After Match ]
• Interview 2:50:50
• Player Of The Match 3:05:06
────────────────────
[ BTR ] —VS— [ EVOS ]

• Game 1 - Draft 6:01:04 - Start 6:08:03
• Game 2 - Draft 6:56:46 - Start 7:14:03
• Game 3 - Draft 8:00:36 - Start 8:07:35
• Game 4 - Draft 8:54:12 - Start 9:02:15

[ Before Match ]
• Player Intro 5:51:51

[ After Match ]
• Interview 9:25:00
• Player Of The Match 9:39:30
────────────────────
Playoff Bracket 9:50:11
Tomorrow's Schedule 9:50:53
────────────────────
— CyanWolfer —",193,YouTube,dewa —vs— geek • game draft start • game draft start • game draft start before match • player intro after match • interview • player of the match ──────────────────── btr —vs— evos • game draft start • game draft start • game draft start • game draft start before match • player intro after match • interview • player of the match ──────────────────── playoff bracket tomorrow s schedule ──────────────────── — cyanwolfer —,"['dewa', '—vs—', 'geek', '•', 'game', 'draft', 'start', '•', 'game', 'draft', 'start', '•', 'game', 'draft', 'start', 'before', 'match', '•', 'player', 'intro', 'after', 'match', '•', 'interview', '•', 'player', 'of', 'the', 'match', '────────────────────', 'btr', '—vs—', 'evos', '•', 'game', 'draft', 'start', '•', 'game', 'draft', 'start', '•', 'game', 'draft', 'start', '•', 'game', 'draft', 'start', 'before', 'match', '•', 'player', 'intro', 'after', 'match', '•', 'interview', '•', 'player', 'of', 'the', 'match', '────────────────────', 'playoff', 'bracket', 'tomorrow', 's', 'schedule', '────────────────────', '—', 'cyanwolfer', '—']",0,2026-06-10,-1
@adiravino8834,2026-06-10 15:39:29+00:00,gausa nangis kagak ada degradasi,2,YouTube,gausa nangis kagak ada degradasi,"['gausa', 'nangis', 'kagak', 'ada', 'degradasi']",1,2026-06-10,0
@cenaylastri5699,2026-06-10 15:39:09+00:00,Kang waktu mana nih😂,4,YouTube,kang waktu mana nih,"['kang', 'waktu', 'mana', 'nih']",0,2026-06-10,0
@fazrulgis2127,2026-06-10 15:36:52+00:00,Evoss kemana? 😂,2,YouTube,evoss kemana,"['evoss', 'kemana']",0,2026-06-10,0
@wirwwira610,2026-06-10 15:30:53+00:00,rrq kapan main? mau nnton toyytzy,9,YouTube,rrq kapan main mau nnton toyytzy,"['rrq', 'kapan', 'main', 'mau', 'nnton', 'toyytzy']",1,2026-06-10,0
@FabianAl-x3i,2026-06-10 15:30:06+00:00,Gila hertod mengila,8,YouTube,gila hertod mengila,"['gila', 'hertod', 'mengila']",1,2026-06-10,0
@bilalofficial1115,2026-06-10 15:29:39+00:00,"Pasif btr udah ilang, sama kayak pasif ae",2,YouTube,pasif btr sudah ilang sama kayak pasif ae,"['pasif', 'btr', 'sudah', 'ilang', 'sama', 'kayak', 'pasif', 'ae']",1,2026-06-10,0
@PadilGg-l9z,2026-06-10 15:29:31+00:00,Moreno:Yeyy,4,YouTube,moreno yeyy,"['moreno', 'yeyy']",0,2026-06-10,0
@RidoSaputra-o3g,2026-06-10 15:28:26+00:00,Yss gondrong yang gak terima sherlok,1,YouTube,yss gondrong yang tidak terima sherlok,"['yss', 'gondrong', 'yang', 'tidak', 'terima', 'sherlok']",1,2026-06-10,0
@Shurizaa,2026-06-10 15:28:20+00:00,Loh,2,YouTube,loh,['loh'],0,2026-06-10,0
@SitohangJananti,2026-06-20 17:18:17+00:00,4 : 1 😂😂,0,YouTube,,[],0,2026-06-20,1
@raymonvalentinuslauw,2026-06-20 13:06:33+00:00,Onic culun,0,YouTube,onic culun,"['onic', 'culun']",0,2026-06-20,0
@manyS-q9n,2026-06-20 11:03:15+00:00,Coba dari awal lutpi main lapu GX bakal kalah anjir xp sejati,1,YouTube,coba dari awal lutpi main lapu gx bakal kalah anjir xp sejati,"['coba', 'dari', 'awal', 'lutpi', 'main', 'lapu', 'gx', 'bakal', 'kalah', 'anjir', 'xp', 'sejati']",1,2026-06-20,0
@HendriAndriansyah-j2z,2026-06-19 15:19:13+00:00,Di menit 01:35:50 paling gua suka,0,YouTube,di menit paling gua suka,"['di', 'menit', 'paling', 'gua', 'suka']",1,2026-06-19,0
@Chakravartin658,2026-06-19 11:28:15+00:00,Siapa sangka,0,YouTube,siapa sangka,"['siapa', 'sangka']",1,2026-06-19,0
@LubenaAlwafa,2026-06-19 11:20:10+00:00,onic gk bisa main dari dulu udh ngedukung onic mlh anehh,0,YouTube,onic tidak bisa main dari dulu sudah ngedukung onic mlh anehh,"['onic', 'tidak', 'bisa', 'main', 'dari', 'dulu', 'sudah', 'ngedukung', 'onic', 'mlh', 'anehh']",1,2026-06-19,0
@impinea,2026-06-19 08:42:55+00:00,1:17:37 😂 bener sih lerr.. Cuma kga lengkap makanya onic jadi dpt 1 nya doang,0,YouTube,bener sih lerr cuma kga lengkap makanya onic jadi dpt nya doang,"['bener', 'sih', 'lerr', 'cuma', 'kga', 'lengkap', 'makanya', 'onic', 'jadi', 'dpt', 'nya', 'doang']",1,2026-06-19,0
@MuhammadAlfi-w6y,2026-06-19 06:49:56+00:00,Pertama pin dong 😊😊🎉🎉,0,YouTube,pertama pin dong,"['pertama', 'pin', 'dong']",0,2026-06-19,0
@Normakkount2,2026-06-18 20:16:54+00:00,3:59:00,0,YouTube,,[],0,2026-06-18,1
@miule1212,2026-06-18 18:42:49+00:00,"Kalau  bisa geser kami ya geser aja itupun kalau bisa, begitulah kata-kata dari si angkuh soneo 😂😂😂",0,YouTube,kalau bisa geser kami ya geser aja itupun kalau bisa begitulah kata kata dari si angkuh soneo,"['kalau', 'bisa', 'geser', 'kami', 'ya', 'geser', 'aja', 'itupun', 'kalau', 'bisa', 'begitulah', 'kata', 'kata', 'dari', 'si', 'angkuh', 'soneo']",1,2026-06-18,0
@LiliLili-g6w7m,2026-06-18 15:05:07+00:00,Akhirnya nnael juara,0,YouTube,akhirnya nnael juara,"['akhirnya', 'nnael', 'juara']",0,2026-06-18,0
@RomeoMangkunegoro,2026-06-18 09:48:09+00:00,Ina_alexander lol,0,YouTube,ina alexander lol,"['ina', 'alexander', 'lol']",0,2026-06-18,0
@nuraidarahim-wu1zc,2026-06-18 07:58:51+00:00,"Udah cobaan
Malah cobain",0,YouTube,sudah cobaan malah cobain,"['sudah', 'cobaan', 'malah', 'cobain']",1,2026-06-18,0
@sandiprayoga2082,2026-06-17 13:35:56+00:00,"7:47 😫🔥
AE nino teriakan desak
MWI 2026 di depan mata

7:58 😊
Ayo, siapa idola
2 pro player timnas 🇮🇩

Buat hokinya slot
player FALCON VEGA 💚

LIV dan LIVII

1:19:56 🇮🇩🔥
Ada maskot MPL ID
inilah SUGA (surya garuda)

1:26:42 suara hati Rangeremas

1:27:30 ⚔️🔥
Atraksi langit 2 topeng bali
BARONG dan RANGDA 

Scene :

1:28:36 - 1:28:54 - 1:30:06

Performance by :

1:31:33 Natasya elvira

1:33:46 ⚔️
2 Goldlaner from PH 🇵🇭
ready to haunt scared NAVI PH

KELRA : MSC 2021
EMANN : MSC 2022

Scene perform : 1:34:27

See you MWI 2026 at EWC paris ! ✨",0,YouTube,ae nino teriakan desak mwi di depan mata ayo siapa idola pro player timnas buat hokinya slot player falcon vega liv dan livii ada maskot mpl id inilah suga surya garuda suara hati rangeremas atraksi langit topeng bali barong dan rangda scene performance by natasya elvira goldlaner from ph ready to haunt scared navi ph kelra msc emann msc scene perform see you mwi at ewc paris,"['ae', 'nino', 'teriakan', 'desak', 'mwi', 'di', 'depan', 'mata', 'ayo', 'siapa', 'idola', 'pro', 'player', 'timnas', 'buat', 'hokinya', 'slot', 'player', 'falcon', 'vega', 'liv', 'dan', 'livii', 'ada', 'maskot', 'mpl', 'id', 'inilah', 'suga', 'surya', 'garuda', 'suara', 'hati', 'rangeremas', 'atraksi', 'langit', 'topeng', 'bali', 'barong', 'dan', 'rangda', 'scene', 'performance', 'by', 'natasya', 'elvira', 'goldlaner', 'from', 'ph', 'ready', 'to', 'haunt', 'scared', 'navi', 'ph', 'kelra', 'msc', 'emann', 'msc', 'scene', 'perform', 'see', 'you', 'mwi', 'at', 'ewc', 'paris']",1,2026-06-17,0
@Agustustre,2026-06-17 11:16:12+00:00,Onci,0,YouTube,onci,['onci'],0,2026-06-17,0
@dond3-3,2026-06-17 10:22:21+00:00,diam2 ga upload tiba2 jadi juara MPL 🗿,1,YouTube,diam tidak upload tiba jadi juara mpl,"['diam', 'tidak', 'upload', 'tiba', 'jadi', 'juara', 'mpl']",1,2026-06-17,0
@DinNewcomer,2026-06-17 10:11:22+00:00,"Haha onic kalah penuh bintang katanya standar gold line ,mana tuh standarnya yg lain juga harus tsandar keknya",0,YouTube,haha onic kalah penuh bintang katanya standar gold line mana tuh standarnya yang lain juga harus tsandar keknya,"['haha', 'onic', 'kalah', 'penuh', 'bintang', 'katanya', 'standar', 'gold', 'line', 'mana', 'tuh', 'standarnya', 'yang', 'lain', 'juga', 'harus', 'tsandar', 'keknya']",1,2026-06-17,0
@moehammadsoekarno6519,2026-06-17 10:00:58+00:00,Keren akhirnya BTR.Zuxxy dan BTR.Luxxy bisa menjuarainya juga...,0,YouTube,keren akhirnya btr zuxxy dan btr luxxy bisa menjuarainya juga,"['keren', 'akhirnya', 'btr', 'zuxxy', 'dan', 'btr', 'luxxy', 'bisa', 'menjuarainya', 'juga']",0,2026-06-17,0
@chimaev1438,2026-06-17 09:19:19+00:00,2:32:50,0,YouTube,,[],0,2026-06-17,1
@SitiSugiati-l4w,2026-06-17 07:57:28+00:00,Tim indo yg warna merah appa biru😊,0,YouTube,tim indo yang warna merah appa biru,"['tim', 'indo', 'yang', 'warna', 'merah', 'appa', 'biru']",1,2026-06-17,5
@DeSeraphz,2026-06-17 06:31:19+00:00,Apakah si Roby adalah keberuntungan BTR 😂,0,YouTube,apakah si roby adalah keberuntungan btr,"['apakah', 'si', 'roby', 'adalah', 'keberuntungan', 'btr']",1,2026-06-17,0
@Siliwangi77,2026-06-17 03:29:59+00:00,rrr,0,YouTube,rrr,['rrr'],0,2026-06-17,0
@Monada-crystal,2026-06-17 03:16:56+00:00,5:00:55 😭😭🤧,0,YouTube,,[],0,2026-06-17,1
@supriadi2636,2026-06-16 22:52:09+00:00,"Mengapa ya ketika nonton mpl indo selalu bikin gregetan. 
Mungkin karena Sudan nonton MPL PH sehingga keliatan bgt bedanya. MPL indo sangat sering tidak mainin objektifnya baik dalam kondisi tertekan atau di tekan, trus jika war tidak tau targeting padahal musuh utamakan cuma 3 (mid, God & jungler), terus males bgt recal dan menganggap enteng HP yang sudah low padahal turun satu bar aj itu bisa pengaruh bgt sehingga gampang bgt ke pick of.
Saya rasa jika cara berpikirnya masih seperti seperti ini aj, ya indo gak akan bisa juara di EWC",0,YouTube,mengapa ya ketika nonton mpl indo selalu bikin gregetan mungkin karena sudan nonton mpl ph sehingga keliatan banget bedanya mpl indo sangat sering tidak mainin objektifnya baik dalam kondisi tertekan atau di tekan trus jika war tidak tau targeting padahal musuh utamakan cuma mid god jungler terus males banget recal dan menganggap enteng hp yang sudah low padahal turun satu bar aj itu bisa pengaruh banget sehingga gampang banget ke pick of saya rasa jika cara berpikirnya masih seperti seperti ini aj ya indo tidak akan bisa juara di ewc,"['mengapa', 'ya', 'ketika', 'nonton', 'mpl', 'indo', 'selalu', 'bikin', 'gregetan', 'mungkin', 'karena', 'sudan', 'nonton', 'mpl', 'ph', 'sehingga', 'keliatan', 'banget', 'bedanya', 'mpl', 'indo', 'sangat', 'sering', 'tidak', 'mainin', 'objektifnya', 'baik', 'dalam', 'kondisi', 'tertekan', 'atau', 'di', 'tekan', 'trus', 'jika', 'war', 'tidak', 'tau', 'targeting', 'padahal', 'musuh', 'utamakan', 'cuma', 'mid', 'god', 'jungler', 'terus', 'males', 'banget', 'recal', 'dan', 'menganggap', 'enteng', 'hp', 'yang', 'sudah', 'low', 'padahal', 'turun', 'satu', 'bar', 'aj', 'itu', 'bisa', 'pengaruh', 'banget', 'sehingga', 'gampang', 'banget', 'ke', 'pick', 'of', 'saya', 'rasa', 'jika', 'cara', 'berpikirnya', 'masih', 'seperti', 'seperti', 'ini', 'aj', 'ya', 'indo', 'tidak', 'akan', 'bisa', 'juara', 'di', 'ewc']",1,2026-06-16,5
@loymr3,2026-06-16 20:19:42+00:00,https://youtube.com/watch?v=u7dLw-qpMMM&lc=UgwL1adVeiQqEiuV3zN4AaABAg&si=sm6l4TI4Ud3THqJg,0,YouTube,,[],0,2026-06-16,1
@ali-w9l5z,2026-06-16 17:45:53+00:00,"💗💗🌸 ♥♥🌸🌸💗💟😄💸💸💗💗 😄😄💗💗🌸🌸  *Allah menunjukkan kasih-Nya kepada kita dengan mengirimkan Anak-Nya Yesus Kristus, yang telah mati dan bangkit dari kematian untuk Beri kami hidup kekal.* *Dia juga berjanji untuk menyembuhkan tubuh Anda.*  *Jika Anda mengaku dengan mulut Anda Tuhan Yesus dan percaya dalam hati Anda bahwa Tuhan telah membangkitkan Dia dari antara orang mati* *Dia akan memberi Anda hidup yang kekal* *(lihat ke atas dan tanyakan padanya)* 🌸🌸💎💎💎💎💎💎💎💎✅✅✅✅🍀🍀🍀🍀🌸🌸",0,YouTube,allah menunjukkan kasih nya kepada kita dengan mengirimkan anak nya yesus kristus yang telah mati dan bangkit dari kematian untuk beri kami hidup kekal dia juga berjanji untuk menyembuhkan tubuh anda jika anda mengaku dengan mulut anda tuhan yesus dan percaya dalam hati anda bahwa tuhan telah membangkitkan dia dari antara orang mati dia akan memberi anda hidup yang kekal lihat ke atas dan tanyakan padanya,"['allah', 'menunjukkan', 'kasih', 'nya', 'kepada', 'kita', 'dengan', 'mengirimkan', 'anak', 'nya', 'yesus', 'kristus', 'yang', 'telah', 'mati', 'dan', 'bangkit', 'dari', 'kematian', 'untuk', 'beri', 'kami', 'hidup', 'kekal', 'dia', 'juga', 'berjanji', 'untuk', 'menyembuhkan', 'tubuh', 'anda', 'jika', 'anda', 'mengaku', 'dengan', 'mulut', 'anda', 'tuhan', 'yesus', 'dan', 'percaya', 'dalam', 'hati', 'anda', 'bahwa', 'tuhan', 'telah', 'membangkitkan', 'dia', 'dari', 'antara', 'orang', 'mati', 'dia', 'akan', 'memberi', 'anda', 'hidup', 'yang', 'kekal', 'lihat', 'ke', 'atas', 'dan', 'tanyakan', 'padanya']",1,2026-06-16,0
@Riskyriski-h1o,2026-06-16 17:42:41+00:00,Knp onic kalah ya tuhan sedih banget gw,0,YouTube,knp onic kalah ya tuhan sedih banget saya,"['knp', 'onic', 'kalah', 'ya', 'tuhan', 'sedih', 'banget', 'saya']",0,2026-06-16,0
@Serena-z5n8q,2026-06-16 16:30:25+00:00,Bigetronick setelah tidak memakai Nick super superan 🤭,0,YouTube,bigetronick setelah tidak memakai nick super superan,"['bigetronick', 'setelah', 'tidak', 'memakai', 'nick', 'super', 'superan']",1,2026-06-16,0
@Herijawa86,2026-06-16 15:25:40+00:00,"Puasss onic kalah,, males gw onic menang mulu,, pasti di ewc juga pulang duluan harusnya partnernya AE nih sayang sekali",0,YouTube,puasss onic kalah males saya onic menang mulu pasti di ewc juga pulang duluan harusnya partnernya ae nih sayang sekali,"['puasss', 'onic', 'kalah', 'males', 'saya', 'onic', 'menang', 'mulu', 'pasti', 'di', 'ewc', 'juga', 'pulang', 'duluan', 'harusnya', 'partnernya', 'ae', 'nih', 'sayang', 'sekali']",1,2026-06-16,-1
@korneliusdavin7561,2026-06-16 14:57:58+00:00,"Malu gak tu goldline standar,padahal lebih bagus lokal",0,YouTube,malu tidak tu goldline standar padahal lebih bagus lokal,"['malu', 'tidak', 'tu', 'goldline', 'standar', 'padahal', 'lebih', 'bagus', 'lokal']",1,2026-06-16,0
@korneliusdavin7561,2026-06-16 14:56:35+00:00,"Makasih btr sudah menang season ini,biar onic terhina karena menganggap ini liga tani",0,YouTube,makasih btr sudah menang season ini biar onic terhina karena menganggap ini liga tani,"['makasih', 'btr', 'sudah', 'menang', 'season', 'ini', 'biar', 'onic', 'terhina', 'karena', 'menganggap', 'ini', 'liga', 'tani']",1,2026-06-16,0
@korneliusdavin7561,2026-06-16 14:47:05+00:00,"Cuma juara lokal tapi pas inter malah bapuk,,,itulah tim indo🤦🤦🤦",0,YouTube,cuma juara lokal tapi pas inter malah bapuk itulah tim indo,"['cuma', 'juara', 'lokal', 'tapi', 'pas', 'inter', 'malah', 'bapuk', 'itulah', 'tim', 'indo']",1,2026-06-16,5
@loucinsugiarto3658,2026-06-16 14:27:37+00:00,oyy,0,YouTube,oyy,['oyy'],0,2026-06-16,0
@Ninjaasssasinn,2026-06-16 13:46:14+00:00,Teruskan BTR kalau bisa panen piala Banyak-banyak,2,YouTube,teruskan btr kalau bisa panen piala banyak banyak,"['teruskan', 'btr', 'kalau', 'bisa', 'panen', 'piala', 'banyak', 'banyak']",1,2026-06-16,0
@chameleonherry1231,2026-06-16 13:18:12+00:00,Terima kasih BTR,2,YouTube,terima kasih btr,"['terima', 'kasih', 'btr']",0,2026-06-16,2
@MyudaYuda-reza,2026-06-16 11:54:15+00:00,Saat nya season depan skylar main,0,YouTube,saat nya season depan skylar main,"['saat', 'nya', 'season', 'depan', 'skylar', 'main']",1,2026-06-16,0
@jugaesport4297,2026-06-16 11:19:41+00:00,"Geloo onic bisa dibantai...
Heran pada ga bisa ngalahin BTR padahal udah kebaca, tinggal lemahin hero2 EMANN, terutama cloude, gitu kok ga pada belajar... 😂😂😂
Mirip2 SGR dulu di m series, lemahin heronya sekyss...",1,YouTube,geloo onic bisa dibantai heran pada tidak bisa ngalahin btr padahal sudah kebaca tinggal lemahin hero emann terutama cloude gitu kok tidak pada belajar mirip sgr dulu di m series lemahin heronya sekyss,"['geloo', 'onic', 'bisa', 'dibantai', 'heran', 'pada', 'tidak', 'bisa', 'ngalahin', 'btr', 'padahal', 'sudah', 'kebaca', 'tinggal', 'lemahin', 'hero', 'emann', 'terutama', 'cloude', 'gitu', 'kok', 'tidak', 'pada', 'belajar', 'mirip', 'sgr', 'dulu', 'di', 'm', 'series', 'lemahin', 'heronya', 'sekyss']",1,2026-06-16,0
@lawgamingl4g407,2026-06-16 10:01:21+00:00,Mampus konik,1,YouTube,mampus konik,"['mampus', 'konik']",1,2026-06-16,0
@RhmddzaSptra,2026-06-16 10:01:18+00:00,Gilaa sih btr cimestryny oke  bnget,1,YouTube,gilaa sih btr cimestryny oke banget,"['gilaa', 'sih', 'btr', 'cimestryny', 'oke', 'banget']",0,2026-06-16,0
@parwataadnyana3768,2026-06-16 07:04:57+00:00,mimpi apa gua kemarin byr menang cokkkk🎉,1,YouTube,mimpi apa gua kemarin byr menang cokkkk,"['mimpi', 'apa', 'gua', 'kemarin', 'byr', 'menang', 'cokkkk']",1,2026-06-16,0
@MyRapid111-d3q,2026-06-16 06:35:14+00:00,Kok kaya janggal ya onic kalah🤔,0,YouTube,kok kaya janggal ya onic kalah,"['kok', 'kaya', 'janggal', 'ya', 'onic', 'kalah']",1,2026-06-16,0
@AstiBuma,2026-06-16 05:47:18+00:00,Walaupun gua dukung onic tapi tetep selamat ya btr🌟🌟,0,YouTube,walaupun gua dukung onic tapi tetep selamat ya btr,"['walaupun', 'gua', 'dukung', 'onic', 'tapi', 'tetep', 'selamat', 'ya', 'btr']",0,2026-06-16,0
@jamilyatogami5559,2026-06-16 05:11:24+00:00,wwkwkwk pertama kali main di mpl id langsung kalah 😂😂😂😂😂😂😂,0,YouTube,wwkwkwk pertama kali main di mpl id langsung kalah,"['wwkwkwk', 'pertama', 'kali', 'main', 'di', 'mpl', 'id', 'langsung', 'kalah']",1,2026-06-16,0
@as-syamgaming1506,2026-06-16 04:06:58+00:00,Beberapa season. Yang menang selalu yang dari lower bracket ya.,0,YouTube,beberapa season yang menang selalu yang dari lower bracket ya,"['beberapa', 'season', 'yang', 'menang', 'selalu', 'yang', 'dari', 'lower', 'bracket', 'ya']",1,2026-06-16,0
@venotriyantz,2026-06-16 03:51:38+00:00,GG SI ANALISI HERTOD BRU MASUK LNGSUNG JUARA CONGRATS HERTOD DAN BTR,0,YouTube,gg si analisi hertod bru masuk lngsung juara congrats hertod dan btr,"['gg', 'si', 'analisi', 'hertod', 'bru', 'masuk', 'lngsung', 'juara', 'congrats', 'hertod', 'dan', 'btr']",0,2026-06-16,3
@Banger-xx,2026-06-16 03:38:51+00:00,"kesian si Kelra, pasti pegel tu pungguh dia",0,YouTube,kesian si kelra pasti pegel tu pungguh dia,"['kesian', 'si', 'kelra', 'pasti', 'pegel', 'tu', 'pungguh', 'dia']",1,2026-06-16,0
@KimiiceProduction,2026-06-16 02:57:43+00:00,"Final MPL kok. Gak ada gregetnya,",0,YouTube,final mpl kok tidak ada gregetnya,"['final', 'mpl', 'kok', 'tidak', 'ada', 'gregetnya']",1,2026-06-16,0
@GilangAdventure-ru3jt,2026-06-16 02:55:12+00:00,IKL BACK TO BACK,0,YouTube,ikl back to back,"['ikl', 'back', 'to', 'back']",0,2026-06-16,0
@FuiqoiTheKnight,2026-06-16 01:56:06+00:00,"kemaren ae mode prime, sekarang bigetron, season depan saatnya geekfam. 
Biar trio merah",0,YouTube,kemaren ae mode prime sekarang bigetron season depan saatnya geekfam biar trio merah,"['kemaren', 'ae', 'mode', 'prime', 'sekarang', 'bigetron', 'season', 'depan', 'saatnya', 'geekfam', 'biar', 'trio', 'merah']",1,2026-06-16,0
@Storywa-v9r,2026-06-15 23:15:38+00:00,Kairi mau kil 1 tolol,0,YouTube,kairi mau kil tolol,"['kairi', 'mau', 'kil', 'tolol']",1,2026-06-15,0
@Stroberi-v3s7w,2026-06-15 22:02:33+00:00,Koboy roamer overrated 😂😂,0,YouTube,koboy roamer overrated,"['koboy', 'roamer', 'overrated']",0,2026-06-15,0
@Afrizal-25-z8k,2026-06-15 21:44:19+00:00,"Bisa aku pastikan kalah nya onic karna kairi, soalnya dia memberanikan diri masuk ke dlm kolom Lord sendiri padahal di kelilingi btr, gw paham maksudnya mau retro dan kumpul kan stuc fredrin, tapi itu btr ga bakal biarin kairi hidup apalagi kontest Lord gw bisa pastiin salah nya di mana",0,YouTube,bisa aku pastikan kalah nya onic karna kairi soalnya dia memberanikan diri masuk ke dlm kolom lord sendiri padahal di kelilingi btr saya paham maksudnya mau retro dan kumpul kan stuc fredrin tapi itu btr tidak bakal biarin kairi hidup apalagi kontest lord saya bisa pastiin salah nya di mana,"['bisa', 'aku', 'pastikan', 'kalah', 'nya', 'onic', 'karna', 'kairi', 'soalnya', 'dia', 'memberanikan', 'diri', 'masuk', 'ke', 'dlm', 'kolom', 'lord', 'sendiri', 'padahal', 'di', 'kelilingi', 'btr', 'saya', 'paham', 'maksudnya', 'mau', 'retro', 'dan', 'kumpul', 'kan', 'stuc', 'fredrin', 'tapi', 'itu', 'btr', 'tidak', 'bakal', 'biarin', 'kairi', 'hidup', 'apalagi', 'kontest', 'lord', 'saya', 'bisa', 'pastiin', 'salah', 'nya', 'di', 'mana']",1,2026-06-15,-1
@paizzpaizz3164,2026-06-15 19:37:41+00:00,kaditaa pakai njiang,0,YouTube,kaditaa pakai njiang,"['kaditaa', 'pakai', 'njiang']",0,2026-06-15,0
@thekimhay,2026-06-15 18:42:16+00:00,"Ada yang tau makna warna meja pialanya kuning ?

Apakah mereka mengira onic yang juara ( sengaja warna kuning ) ?",2,YouTube,ada yang tau makna warna meja pialanya kuning apakah mereka mengira onic yang juara sengaja warna kuning,"['ada', 'yang', 'tau', 'makna', 'warna', 'meja', 'pialanya', 'kuning', 'apakah', 'mereka', 'mengira', 'onic', 'yang', 'juara', 'sengaja', 'warna', 'kuning']",1,2026-06-15,0
@LuminousML-fb6sx,2026-06-15 17:18:41+00:00,BTR CHAMPION BEFORE GTA VI !!!!!!!!😮😮😮,1,YouTube,btr champion before gta vi,"['btr', 'champion', 'before', 'gta', 'vi']",0,2026-06-15,0
@anakyatim3401,2026-06-15 16:41:24+00:00,Terlalu ambisi & sombong meremehkan lawan mereka bilang liga tani akhirnya BTR juara malu kan lu ada juara baru thanks btR,0,YouTube,terlalu ambisi sombong meremehkan lawan mereka bilang liga tani akhirnya btr juara malu kan kamu ada juara baru thanks btr,"['terlalu', 'ambisi', 'sombong', 'meremehkan', 'lawan', 'mereka', 'bilang', 'liga', 'tani', 'akhirnya', 'btr', 'juara', 'malu', 'kan', 'kamu', 'ada', 'juara', 'baru', 'thanks', 'btr']",1,2026-06-15,0
@jhonysitrangs,2026-06-15 16:11:42+00:00,KELRA PEMBAWA SIAL.PULANG KAMPUNG AJA SONO LU. DULU GADA LU JUARA TERUS ONIC,0,YouTube,kelra pembawa sial pulang kampung aja sono kamu dulu gada kamu juara terus onic,"['kelra', 'pembawa', 'sial', 'pulang', 'kampung', 'aja', 'sono', 'kamu', 'dulu', 'gada', 'kamu', 'juara', 'terus', 'onic']",0,2026-06-15,0
@braderg1745,2026-06-15 15:49:46+00:00,Yebb tolong yeb..yebb tolong yeb,0,YouTube,yebb tolong yeb yebb tolong yeb,"['yebb', 'tolong', 'yeb', 'yebb', 'tolong', 'yeb']",1,2026-06-15,0
@IrfanAli-v1z2r,2026-06-15 15:32:01+00:00,maaf menuduh g baik semua,0,YouTube,maaf menuduh g baik semua,"['maaf', 'menuduh', 'g', 'baik', 'semua']",1,2026-06-15,0
@muhammadafriansyah1396,2026-06-15 15:18:42+00:00,4-1 Yee GG btr NT onic nah gini kan enak ga onic Mulu jdi lebih kelihatan kompetitif dan seru mpl ❤❤❤ GO INDONESIA GO,0,YouTube,yee gg btr nt onic nah gini kan enak tidak onic mulu jdi lebih kelihatan kompetitif dan seru mpl go indonesia go,"['yee', 'gg', 'btr', 'nt', 'onic', 'nah', 'gini', 'kan', 'enak', 'tidak', 'onic', 'mulu', 'jdi', 'lebih', 'kelihatan', 'kompetitif', 'dan', 'seru', 'mpl', 'go', 'indonesia', 'go']",1,2026-06-15,0
@woKBpml,2026-06-15 15:10:17+00:00,"Emang semakin kesini ini negara semakin aneh system nya apa ga pernah evaluasi negara tetangga, atau membedah masalah masyarakat.",1,YouTube,emang semakin kesini ini negara semakin aneh system nya apa tidak pernah evaluasi negara tetangga atau membedah masalah masyarakat,"['emang', 'semakin', 'kesini', 'ini', 'negara', 'semakin', 'aneh', 'system', 'nya', 'apa', 'tidak', 'pernah', 'evaluasi', 'negara', 'tetangga', 'atau', 'membedah', 'masalah', 'masyarakat']",1,2026-06-15,0
@krass22eiv,2026-06-15 15:00:40+00:00,"Akhirnya ada yang mecahin winstreak nya onic , mana banyak karbitan lagi fans onic",0,YouTube,akhirnya ada yang mecahin winstreak nya onic mana banyak karbitan lagi fans onic,"['akhirnya', 'ada', 'yang', 'mecahin', 'winstreak', 'nya', 'onic', 'mana', 'banyak', 'karbitan', 'lagi', 'fans', 'onic']",1,2026-06-15,0
@woKBpml,2026-06-15 15:00:26+00:00,"Emang sang robot lagi overpowered dan mengamuk tahun in semua turnamen dibabat btr cok

Seharusnya asian diwakilkan btr juga

Indonesia memang aneh orang team lagi under2 nya malah dipilih untuk mewakili Indonesia, 
Seharusnya diselenggarakan dulu biar adil bagi yang lain, apa team analis kalian ga ada kerjaan hal penting kek gini aja ga dipikirkan.",1,YouTube,emang sang robot lagi overpowered dan mengamuk tahun in semua turnamen dibabat btr cok seharusnya asian diwakilkan btr juga indonesia memang aneh orang team lagi under nya malah dipilih untuk mewakili indonesia seharusnya diselenggarakan dulu biar adil bagi yang lain apa team analis kalian tidak ada kerjaan hal penting kek gini aja tidak dipikirkan,"['emang', 'sang', 'robot', 'lagi', 'overpowered', 'dan', 'mengamuk', 'tahun', 'in', 'semua', 'turnamen', 'dibabat', 'btr', 'cok', 'seharusnya', 'asian', 'diwakilkan', 'btr', 'juga', 'indonesia', 'memang', 'aneh', 'orang', 'team', 'lagi', 'under', 'nya', 'malah', 'dipilih', 'untuk', 'mewakili', 'indonesia', 'seharusnya', 'diselenggarakan', 'dulu', 'biar', 'adil', 'bagi', 'yang', 'lain', 'apa', 'team', 'analis', 'kalian', 'tidak', 'ada', 'kerjaan', 'hal', 'penting', 'kek', 'gini', 'aja', 'tidak', 'dipikirkan']",1,2026-06-15,0
@putrara9594,2026-06-15 14:42:23+00:00,Tutor ngalahin BTR sama RRQ ya gaes,0,YouTube,tutor ngalahin btr sama rrq ya gaes,"['tutor', 'ngalahin', 'btr', 'sama', 'rrq', 'ya', 'gaes']",0,2026-06-15,0
@SlamEd-r9x,2026-06-15 14:36:26+00:00,"Bangga cuy, eman akhirnya juara",0,YouTube,bangga cuy eman akhirnya juara,"['bangga', 'cuy', 'eman', 'akhirnya', 'juara']",0,2026-06-15,0
@fredo1857,2026-06-15 14:35:16+00:00,Onic baik banget ya ngasih Juara,0,YouTube,onic baik banget ya ngasih juara,"['onic', 'baik', 'banget', 'ya', 'ngasih', 'juara']",0,2026-06-15,0
@ijukbaelah,2026-06-15 14:31:19+00:00,fakta skylar ngaruh di onic😂,0,YouTube,fakta skylar ngaruh di onic,"['fakta', 'skylar', 'ngaruh', 'di', 'onic']",1,2026-06-15,0
@OwhMyVir,2026-06-15 14:30:57+00:00,33:39 itu vino ngapain jir 😹,1,YouTube,itu vino ngapain jir,"['itu', 'vino', 'ngapain', 'jir']",1,2026-06-15,0
@ijukbaelah,2026-06-15 14:30:36+00:00,Semenjak ada skylar mulus onic 😂,0,YouTube,semenjak ada skylar mulus onic,"['semenjak', 'ada', 'skylar', 'mulus', 'onic']",1,2026-06-15,0
@KaisarSuki,2026-06-15 13:55:28+00:00,"akhirnya liga tani berakhir, congrats btr 🎉🎉",2,YouTube,akhirnya liga tani berakhir congrats btr,"['akhirnya', 'liga', 'tani', 'berakhir', 'congrats', 'btr']",0,2026-06-15,0
@shodiqqsh7824,2026-06-15 13:10:35+00:00,"Oi Tod, gw tau elu di upper bracket sengaja kalah kan biar baca strategi onic,terus ngbanti dari lower dan juara mpl s17😊",0,YouTube,oi tod saya tau elu di upper bracket sengaja kalah kan biar baca strategi onic terus ngbanti dari lower dan juara mpl s,"['oi', 'tod', 'saya', 'tau', 'elu', 'di', 'upper', 'bracket', 'sengaja', 'kalah', 'kan', 'biar', 'baca', 'strategi', 'onic', 'terus', 'ngbanti', 'dari', 'lower', 'dan', 'juara', 'mpl', 's']",1,2026-06-15,0
@AgongRey.mobilegends,2026-06-15 13:04:59+00:00,"sa'atnya GO BTR.,, kalo bisa nih jadi juara terus sampek BTR arif tiba biar ngeri",1,YouTube,sa atnya go btr kalau bisa nih jadi juara terus sampek btr arif tiba biar ngeri,"['sa', 'atnya', 'go', 'btr', 'kalau', 'bisa', 'nih', 'jadi', 'juara', 'terus', 'sampek', 'btr', 'arif', 'tiba', 'biar', 'ngeri']",1,2026-06-15,0
@SeptianiArdani,2026-06-15 12:36:19+00:00,"Peringkat	Tim	Jumlah Gelar	Musim Juara
🥇	ONIC Esports / Fnatic ONIC	8	S3, S8, S10‑S13, S15‑S16
🥈	RRQ (RRQ O2 / RRQ Hoshi)	4	S2, S5, S6, S9
🥉	EVOS Legends	2	S4, S7
4	Team NXL, Team Liquid ID, Bigetron by Vitality	masing‑masing 1	S1, S14, S17",0,YouTube,peringkat tim jumlah gelar musim juara onic esports fnatic onic s s s ‑s s ‑s rrq rrq o rrq hoshi s s s s evos legends s s team nxl team liquid id bigetron by vitality masing‑masing s s s,"['peringkat', 'tim', 'jumlah', 'gelar', 'musim', 'juara', 'onic', 'esports', 'fnatic', 'onic', 's', 's', 's', '‑s', 's', '‑s', 'rrq', 'rrq', 'o', 'rrq', 'hoshi', 's', 's', 's', 's', 'evos', 'legends', 's', 's', 'team', 'nxl', 'team', 'liquid', 'id', 'bigetron', 'by', 'vitality', 'masing‑masing', 's', 's', 's']",0,2026-06-15,0
@Zarify,2026-06-15 12:04:38+00:00,Hertod baru masuk langsung juara loh yak😹,0,YouTube,hertod baru masuk langsung juara loh yak,"['hertod', 'baru', 'masuk', 'langsung', 'juara', 'loh', 'yak']",0,2026-06-15,0
@nursidik4356,2026-06-15 12:02:22+00:00,karma is real,0,YouTube,karma is real,"['karma', 'is', 'real']",0,2026-06-15,0
@AzriltuhapokAndre,2026-06-15 11:56:18+00:00,see you in MSC guys,1,YouTube,see you in msc guys,"['see', 'you', 'in', 'msc', 'guys']",0,2026-06-15,-1
@FMY_30,2026-06-15 11:55:13+00:00,UDAH LAMA GAK NONTON DAN NGIKUTIN MPL. OMG NNAELLLLLL,0,YouTube,sudah lama tidak nonton dan ngikutin mpl omg nnaellllll,"['sudah', 'lama', 'tidak', 'nonton', 'dan', 'ngikutin', 'mpl', 'omg', 'nnaellllll']",1,2026-06-15,0
@AhsanAlBanna-e8i,2026-06-15 11:28:50+00:00,kembalikan skylar,0,YouTube,kembalikan skylar,"['kembalikan', 'skylar']",0,2026-06-15,0
@GriselDa-o2o,2026-06-15 11:15:47+00:00,"Pdhal dulu lemon ngmong btr cuma kelinci prcobaan rrq😂, skrng mlh juara 😂😂",0,YouTube,pdhal dulu lemon ngmong btr cuma kelinci prcobaan rrq skrng mlh juara,"['pdhal', 'dulu', 'lemon', 'ngmong', 'btr', 'cuma', 'kelinci', 'prcobaan', 'rrq', 'skrng', 'mlh', 'juara']",1,2026-06-15,0
@taufikrahman35,2026-06-15 11:13:50+00:00,Memang harus kaya gini mpl id harus asd juara baru kalau mau menang m series😅,0,YouTube,memang harus kaya gini mpl id harus asd juara baru kalau mau menang m series,"['memang', 'harus', 'kaya', 'gini', 'mpl', 'id', 'harus', 'asd', 'juara', 'baru', 'kalau', 'mau', 'menang', 'm', 'series']",1,2026-06-15,0
@Habibisalim6,2026-06-15 10:59:54+00:00,"4:38:51 Menang, tapi ekspresinya keliatan sangat tertekan",0,YouTube,menang tapi ekspresinya keliatan sangat tertekan,"['menang', 'tapi', 'ekspresinya', 'keliatan', 'sangat', 'tertekan']",1,2026-06-15,0
@HanifWow,2026-06-15 10:41:59+00:00,LUKE menangis 😢,0,YouTube,luke menangis,"['luke', 'menangis']",1,2026-06-15,0
@smokeysxs,2026-06-15 10:36:18+00:00,Aowkwkwok katanya jago tp dibantai,1,YouTube,aowkwkwok katanya jago tapi dibantai,"['aowkwkwok', 'katanya', 'jago', 'tapi', 'dibantai']",0,2026-06-15,0
@MuhammadSurip-jr3gj,2026-06-15 10:31:00+00:00,Hadeh onic knp ini...,0,YouTube,hadeh onic knp ini,"['hadeh', 'onic', 'knp', 'ini']",1,2026-06-15,0
@bangkeys8030,2026-06-15 10:01:16+00:00,Hertot membuktikan dirinya,0,YouTube,hertot membuktikan dirinya,"['hertot', 'membuktikan', 'dirinya']",1,2026-06-15,0
@jondiaz6712,2026-06-15 10:00:29+00:00,Akhirnya Eman bisa juara mpl,0,YouTube,akhirnya eman bisa juara mpl,"['akhirnya', 'eman', 'bisa', 'juara', 'mpl']",0,2026-06-15,0
@syarifudinarrafi717,2026-06-15 09:49:13+00:00,Match kali ini seru banget,0,YouTube,match kali ini seru banget,"['match', 'kali', 'ini', 'seru', 'banget']",0,2026-06-15,0
@izulsan1668,2026-06-15 09:47:06+00:00,Akhirnya bukan onic lagi bosen co,0,YouTube,akhirnya bukan onic lagi bosen co,"['akhirnya', 'bukan', 'onic', 'lagi', 'bosen', 'co']",1,2026-06-15,0
@BillyChristopher-m9o,2026-06-15 09:42:12+00:00,respect nnael gak jadi uciha 🔥🔥👌,1,YouTube,respect nnael tidak jadi uciha,"['respect', 'nnael', 'tidak', 'jadi', 'uciha']",1,2026-06-15,0
@SalwaSawah,2026-06-15 09:33:03+00:00,Btr🎉,0,YouTube,btr,['btr'],0,2026-06-15,0
@EKARACHMAT-ne5fp,2026-06-15 09:22:26+00:00,"BTR mengingatkan saya sperti AE mengalakan para raksasa TLPH dan SRG, saya sebagai pengamat abal""liatnya kok bisa ya team jago banget tiba""kalah kayak curiga ada main di belakang😂.",1,YouTube,btr mengingatkan saya sperti ae mengalakan para raksasa tlph dan srg saya sebagai pengamat abal liatnya kok bisa ya team jago banget tiba kalah kayak curiga ada main di belakang,"['btr', 'mengingatkan', 'saya', 'sperti', 'ae', 'mengalakan', 'para', 'raksasa', 'tlph', 'dan', 'srg', 'saya', 'sebagai', 'pengamat', 'abal', 'liatnya', 'kok', 'bisa', 'ya', 'team', 'jago', 'banget', 'tiba', 'kalah', 'kayak', 'curiga', 'ada', 'main', 'di', 'belakang']",1,2026-06-15,0
@NandaWardial,2026-06-15 09:17:57+00:00,Bocil ph mana suaranya,0,YouTube,bocil ph mana suaranya,"['bocil', 'ph', 'mana', 'suaranya']",1,2026-06-15,9
@AirilChandra-m2d,2026-06-15 09:17:19+00:00,"Onic bot, poke lagi😂",1,YouTube,onic bot poke lagi,"['onic', 'bot', 'poke', 'lagi']",1,2026-06-15,4
@muaznizam1738,2026-06-15 08:28:35+00:00,Gold standard emann,0,YouTube,gold standard emann,"['gold', 'standard', 'emann']",0,2026-06-15,0
@EndahLukytoSariJayagiri,2026-06-15 08:21:16+00:00,"Min tadi pas aku mancing kan itu jelas jelas dapet ikan legenda yakan tapi hp ku ngeleg terus aku buka tutup aplikasi nya kan nah pas udah bener tiba tiba aku liat di list ikan legenda nya itu belum di masukin di list plis min kembaliin ikan legenda ku maaf kalo aku yang salah😢😢😢😢
Surat untuk Mimin moonton😢😢",0,YouTube,min tadi pas aku mancing kan itu jelas jelas dapet ikan legenda yakan tapi hp ku ngeleg terus aku buka tutup aplikasi nya kan nah pas sudah bener tiba tiba aku liat di list ikan legenda nya itu belum di masukin di list plis min kembaliin ikan legenda ku maaf kalau aku yang salah surat untuk mimin moonton,"['min', 'tadi', 'pas', 'aku', 'mancing', 'kan', 'itu', 'jelas', 'jelas', 'dapet', 'ikan', 'legenda', 'yakan', 'tapi', 'hp', 'ku', 'ngeleg', 'terus', 'aku', 'buka', 'tutup', 'aplikasi', 'nya', 'kan', 'nah', 'pas', 'sudah', 'bener', 'tiba', 'tiba', 'aku', 'liat', 'di', 'list', 'ikan', 'legenda', 'nya', 'itu', 'belum', 'di', 'masukin', 'di', 'list', 'plis', 'min', 'kembaliin', 'ikan', 'legenda', 'ku', 'maaf', 'kalau', 'aku', 'yang', 'salah', 'surat', 'untuk', 'mimin', 'moonton']",1,2026-06-15,0
@arifjulianto6637,2026-06-15 08:14:02+00:00,LANDAK SAYURR,0,YouTube,landak sayurr,"['landak', 'sayurr']",0,2026-06-15,0
@SambasSambas-f8t8c,2026-06-15 08:02:27+00:00,Btr,0,YouTube,btr,['btr'],0,2026-06-15,0
@lockiestarpiss2211,2026-06-15 07:57:31+00:00,Onic kentut kocak gda perlawanan,0,YouTube,onic kentut kocak gda perlawanan,"['onic', 'kentut', 'kocak', 'gda', 'perlawanan']",1,2026-06-15,0
@dhsrh,2026-06-15 07:56:16+00:00,Si gondrong gk jadi juara,0,YouTube,si gondrong tidak jadi juara,"['si', 'gondrong', 'tidak', 'jadi', 'juara']",1,2026-06-15,0
@AlvaroMilan-y8r,2026-06-15 07:46:46+00:00,Gue salfok sama robik🗿,0,YouTube,saya salfok sama robik,"['saya', 'salfok', 'sama', 'robik']",0,2026-06-15,0
@mohammadaiman2469,2026-06-15 07:41:25+00:00,Wadidau awooakk awokkkk wadidau awooookk awooakk,0,YouTube,wadidau awooakk awokkkk wadidau awooookk awooakk,"['wadidau', 'awooakk', 'awokkkk', 'wadidau', 'awooookk', 'awooakk']",0,2026-06-15,0
@Augustt.03,2026-06-15 07:30:11+00:00,Congrats BTR BY VTL and NT juga kepada Onic ID. Tapi memang sudah kelihatan sebernanya memang BTR akan menang keran dari lower final lagi mereka kelihatan ready banget untuk lawan Onic dan jadi Champion. Apa apa pun nice untuk kedua-dua team and Congrats BTR atas kemenangannya.,0,YouTube,congrats btr by vtl and nt juga kepada onic id tapi memang sudah kelihatan sebernanya memang btr akan menang keran dari lower final lagi mereka kelihatan ready banget untuk lawan onic dan jadi champion apa apa pun nice untuk kedua dua team and congrats btr atas kemenangannya,"['congrats', 'btr', 'by', 'vtl', 'and', 'nt', 'juga', 'kepada', 'onic', 'id', 'tapi', 'memang', 'sudah', 'kelihatan', 'sebernanya', 'memang', 'btr', 'akan', 'menang', 'keran', 'dari', 'lower', 'final', 'lagi', 'mereka', 'kelihatan', 'ready', 'banget', 'untuk', 'lawan', 'onic', 'dan', 'jadi', 'champion', 'apa', 'apa', 'pun', 'nice', 'untuk', 'kedua', 'dua', 'team', 'and', 'congrats', 'btr', 'atas', 'kemenangannya']",1,2026-06-15,0
@aldynsh24,2026-06-15 07:20:16+00:00,akhirnya btr juara jg,0,YouTube,akhirnya btr juara jg,"['akhirnya', 'btr', 'juara', 'jg']",0,2026-06-15,0
@alifchanel577,2026-06-15 07:19:43+00:00,"Kok kyk ada yg janggal ya...hepy nya kaku bget...
Seperti sudah tau klw mereka bkal juara...",0,YouTube,kok kyk ada yang janggal ya hepy nya kaku bget seperti sudah tau klw mereka bkal juara,"['kok', 'kyk', 'ada', 'yang', 'janggal', 'ya', 'hepy', 'nya', 'kaku', 'bget', 'seperti', 'sudah', 'tau', 'klw', 'mereka', 'bkal', 'juara']",1,2026-06-15,0
@m.raihanefendi1151,2026-06-15 07:06:15+00:00,btrwin,0,YouTube,btrwin,['btrwin'],0,2026-06-15,0
@ubayshter3450,2026-06-15 06:46:02+00:00,Onic nubbb,0,YouTube,onic nubbb,"['onic', 'nubbb']",0,2026-06-15,0
@DennisReyn26,2026-06-15 06:42:50+00:00,Hanya Honjaw dan Moreno yang ucap syukur kepada Tuhan ketika menerima Award 😅 yang lain lebih mentinging ucapin ke pacar 😅,2,YouTube,hanya honjaw dan moreno yang ucap syukur kepada tuhan ketika menerima award yang lain lebih mentinging ucapin ke pacar,"['hanya', 'honjaw', 'dan', 'moreno', 'yang', 'ucap', 'syukur', 'kepada', 'tuhan', 'ketika', 'menerima', 'award', 'yang', 'lain', 'lebih', 'mentinging', 'ucapin', 'ke', 'pacar']",1,2026-06-15,0
@na.jaeraa,2026-06-15 06:42:48+00:00,congratss my btr!❤❤,0,YouTube,congratss my btr,"['congratss', 'my', 'btr']",0,2026-06-15,2
@raizeqkseventeen,2026-06-15 06:26:59+00:00,Oh nooooo😂,0,YouTube,oh nooooo,"['oh', 'nooooo']",0,2026-06-15,0
@ariirawan107,2026-06-15 06:10:17+00:00,Ayo sebut rrq adalah raja percobaan,0,YouTube,ayo sebut rrq adalah raja percobaan,"['ayo', 'sebut', 'rrq', 'adalah', 'raja', 'percobaan']",0,2026-06-15,-1
@yourbetadine,2026-06-15 06:10:09+00:00,"liga franchise, semua diatur moonton. biar ga bosen viewer yg juara 1 tim itu aja, ketauan banget settingan bosss😂😂😂😂😂",0,YouTube,liga franchise semua diatur moonton biar tidak bosen viewer yang juara tim itu aja ketauan banget settingan bosss,"['liga', 'franchise', 'semua', 'diatur', 'moonton', 'biar', 'tidak', 'bosen', 'viewer', 'yang', 'juara', 'tim', 'itu', 'aja', 'ketauan', 'banget', 'settingan', 'bosss']",1,2026-06-15,0
@yewtunskyuu9260,2026-06-15 06:08:55+00:00,Ini kek bukan onic pada umumnya pas main. Ko bisa ya ?? Tp diluar dari itu happy liat btr ❤❤❤,0,YouTube,ini kek bukan onic pada umumnya pas main ko bisa ya tapi diluar dari itu happy liat btr,"['ini', 'kek', 'bukan', 'onic', 'pada', 'umumnya', 'pas', 'main', 'ko', 'bisa', 'ya', 'tapi', 'diluar', 'dari', 'itu', 'happy', 'liat', 'btr']",1,2026-06-15,0
@exz1565,2026-06-15 06:07:37+00:00,ini waktunya BTR bukan onic,0,YouTube,ini waktunya btr bukan onic,"['ini', 'waktunya', 'btr', 'bukan', 'onic']",1,2026-06-15,8
@DikaIsHere-28,2026-06-15 06:07:10+00:00,Semoga kedua team perwakilan Indonesia berjaya di MSC France minimal salah satu team Indonesia menjadi Runer Up/Juara di MSC maximal kedua team Indonesia masuk ke Grandfinal MSC 😊,0,YouTube,semoga kedua team perwakilan indonesia berjaya di msc france minimal salah satu team indonesia menjadi runer up juara di msc maximal kedua team indonesia masuk ke grandfinal msc,"['semoga', 'kedua', 'team', 'perwakilan', 'indonesia', 'berjaya', 'di', 'msc', 'france', 'minimal', 'salah', 'satu', 'team', 'indonesia', 'menjadi', 'runer', 'up', 'juara', 'di', 'msc', 'maximal', 'kedua', 'team', 'indonesia', 'masuk', 'ke', 'grandfinal', 'msc']",0,2026-06-15,0
@oknum86,2026-06-15 05:57:57+00:00,TERIMA KASIH BTR SUDAH MEMBUKANGKAM MULUT BESAR SONIK,0,YouTube,terima kasih btr sudah membukangkam mulut besar sonik,"['terima', 'kasih', 'btr', 'sudah', 'membukangkam', 'mulut', 'besar', 'sonik']",1,2026-06-15,0
@TangiTuru-gg8ib,2026-06-15 05:55:12+00:00,Onic kl vs btr kalah biasa aja tp kl vs rrq kalah nangis semua pemainya,1,YouTube,onic kl vs btr kalah biasa aja tapi kl vs rrq kalah nangis semua pemainya,"['onic', 'kl', 'vs', 'btr', 'kalah', 'biasa', 'aja', 'tapi', 'kl', 'vs', 'rrq', 'kalah', 'nangis', 'semua', 'pemainya']",1,2026-06-15,0
@Mas-Wok123,2026-06-15 05:49:45+00:00,Saatnya mengatakan Bigetron is back!!!!!!,0,YouTube,saatnya mengatakan bigetron is back,"['saatnya', 'mengatakan', 'bigetron', 'is', 'back']",0,2026-06-15,0
@irisyiostoutheou,2026-06-15 05:40:10+00:00,Kelra gapernah bisa ngalahin Emann,0,YouTube,kelra gapernah bisa ngalahin emann,"['kelra', 'gapernah', 'bisa', 'ngalahin', 'emann']",1,2026-06-15,0
@asririjalun839,2026-06-15 05:27:06+00:00,Btr angkat piala ketika mereka sudah tidak memiliki kata super 🎉🎉🎉🎉🎉🎉 king finixxx,0,YouTube,btr angkat piala ketika mereka sudah tidak memiliki kata super king finixxx,"['btr', 'angkat', 'piala', 'ketika', 'mereka', 'sudah', 'tidak', 'memiliki', 'kata', 'super', 'king', 'finixxx']",1,2026-06-15,0
@dwisk865,2026-06-15 05:00:43+00:00,"Kemaren pada ngetawain BTR hampir ga lolos playoff,ehh malah juara..mamam tuh😂",0,YouTube,kemaren pada ngetawain btr hampir tidak lolos playoff ehh malah juara mamam tuh,"['kemaren', 'pada', 'ngetawain', 'btr', 'hampir', 'tidak', 'lolos', 'playoff', 'ehh', 'malah', 'juara', 'mamam', 'tuh']",1,2026-06-15,0
@johnsonvincent7143,2026-06-15 04:59:07+00:00,"SANZ, KIBOY, KELRA. First time seeing them go 120+ BPM😂😂😂",0,YouTube,sanz kiboy kelra first time seeing them go bpm,"['sanz', 'kiboy', 'kelra', 'first', 'time', 'seeing', 'them', 'go', 'bpm']",0,2026-06-15,0
@WandiMayuri,2026-06-15 04:53:05+00:00,Congratulations BTR🥳,0,YouTube,congratulations btr,"['congratulations', 'btr']",0,2026-06-15,2
@AdityaColl-k1g,2026-06-15 04:51:37+00:00,"Wah double Champion wkwkkw gak cuma fokus MDL, selamat

Bukan liga tani dan GOLD LINE TERBAIK GAGAL ANGKAT PIALA?",0,YouTube,wah double champion wkwkkw tidak cuma fokus mdl selamat bukan liga tani dan gold line terbaik gagal angkat piala,"['wah', 'double', 'champion', 'wkwkkw', 'tidak', 'cuma', 'fokus', 'mdl', 'selamat', 'bukan', 'liga', 'tani', 'dan', 'gold', 'line', 'terbaik', 'gagal', 'angkat', 'piala']",1,2026-06-15,0
@Diandra55-s6u,2026-06-15 04:46:01+00:00,"Nnael peluk ko ed dong, sedih gw liat dari BTR GG 🎉",0,YouTube,nnael peluk ko ed dong sedih saya liat dari btr gg,"['nnael', 'peluk', 'ko', 'ed', 'dong', 'sedih', 'saya', 'liat', 'dari', 'btr', 'gg']",1,2026-06-15,0
@AwayMunawwar,2026-06-15 04:39:58+00:00,Gw sebagai fans obby bangga ama btr,0,YouTube,saya sebagai fans obby bangga ama btr,"['saya', 'sebagai', 'fans', 'obby', 'bangga', 'ama', 'btr']",0,2026-06-15,-1
@VaniaAjah,2026-06-15 04:32:46+00:00,"Kolom komentar semalam isinya rame hujat Onic dan kemungkinan besar itu manusia2 yang sama dengan yg spam Btr badut playoff kmaren2. Tolong untuk Admin MPL kalau ada komen2 cuma nge hate kaya gitu di banned aja, itu cuma SDM2 rendah yg ga ada kerjaan, kemungkinan lagi stres sama IRLnya dan jelas2 mereka bukan fans dari kedua tim.

Anyway, GG Btr GG Onic, ayo bawa pulang Piala MSC ❤👍",0,YouTube,kolom komentar semalam isinya rame hujat onic dan kemungkinan besar itu manusia yang sama dengan yang spam btr badut playoff kmaren tolong untuk admin mpl kalau ada komen cuma nge hate kaya gitu di banned aja itu cuma sdm rendah yang tidak ada kerjaan kemungkinan lagi stres sama irlnya dan jelas mereka bukan fans dari kedua tim anyway gg btr gg onic ayo bawa pulang piala msc,"['kolom', 'komentar', 'semalam', 'isinya', 'rame', 'hujat', 'onic', 'dan', 'kemungkinan', 'besar', 'itu', 'manusia', 'yang', 'sama', 'dengan', 'yang', 'spam', 'btr', 'badut', 'playoff', 'kmaren', 'tolong', 'untuk', 'admin', 'mpl', 'kalau', 'ada', 'komen', 'cuma', 'nge', 'hate', 'kaya', 'gitu', 'di', 'banned', 'aja', 'itu', 'cuma', 'sdm', 'rendah', 'yang', 'tidak', 'ada', 'kerjaan', 'kemungkinan', 'lagi', 'stres', 'sama', 'irlnya', 'dan', 'jelas', 'mereka', 'bukan', 'fans', 'dari', 'kedua', 'tim', 'anyway', 'gg', 'btr', 'gg', 'onic', 'ayo', 'bawa', 'pulang', 'piala', 'msc']",1,2026-06-15,0
@MedarsiRiarsot,2026-06-15 04:31:06+00:00,mirip rrq yg win streakk trus dikalahin tlid di play off😂,0,YouTube,mirip rrq yang win streakk trus dikalahin tlid di play off,"['mirip', 'rrq', 'yang', 'win', 'streakk', 'trus', 'dikalahin', 'tlid', 'di', 'play', 'off']",1,2026-06-15,0
@v.philoo,2026-06-15 04:24:41+00:00,"seruuuu bangett, ga bkin bosenn krna stiap match berbeda hero. gg btr 🎉",8,YouTube,seruuuu bangett tidak bkin bosenn krna stiap match berbeda hero gg btr,"['seruuuu', 'bangett', 'tidak', 'bkin', 'bosenn', 'krna', 'stiap', 'match', 'berbeda', 'hero', 'gg', 'btr']",1,2026-06-15,0
@PepenkAjja,2026-06-15 04:24:21+00:00,Masuk nya cw di coach CW dan gold Lane kelra membuat onic di hancur kan😂😂😂😂😂,0,YouTube,masuk nya cw di coach cw dan gold lane kelra membuat onic di hancur kan,"['masuk', 'nya', 'cw', 'di', 'coach', 'cw', 'dan', 'gold', 'lane', 'kelra', 'membuat', 'onic', 'di', 'hancur', 'kan']",0,2026-06-15,0
@iskandarchezuki7917,2026-06-15 04:19:05+00:00,Bakal menjadi kelinci percobaan di MSC oleh TLID dan SRG😂😂,0,YouTube,bakal menjadi kelinci percobaan di msc oleh tlid dan srg,"['bakal', 'menjadi', 'kelinci', 'percobaan', 'di', 'msc', 'oleh', 'tlid', 'dan', 'srg']",0,2026-06-15,4
@theskypiercer,2026-06-15 04:17:32+00:00,BTR menyelamatkan MPL ID dari kebisingan selama 4season! Selamat BTR,0,YouTube,btr menyelamatkan mpl id dari kebisingan selama season selamat btr,"['btr', 'menyelamatkan', 'mpl', 'id', 'dari', 'kebisingan', 'selama', 'season', 'selamat', 'btr']",0,2026-06-15,9
@PepenkAjja,2026-06-15 04:16:14+00:00,"Final paling gak seru mpl season ini asli di ayam""in",0,YouTube,final paling tidak seru mpl season ini asli di ayam in,"['final', 'paling', 'tidak', 'seru', 'mpl', 'season', 'ini', 'asli', 'di', 'ayam', 'in']",1,2026-06-15,0
@RifkiiSaputraa13,2026-06-15 04:12:43+00:00,Kutukan Roby panjoro,0,YouTube,kutukan roby panjoro,"['kutukan', 'roby', 'panjoro']",0,2026-06-15,0
@Yahya09official,2026-06-15 04:11:54+00:00,"Tinggal nungguin ni yang devisi PUBG nya,",0,YouTube,tinggal nungguin ni yang devisi pubg nya,"['tinggal', 'nungguin', 'ni', 'yang', 'devisi', 'pubg', 'nya']",1,2026-06-15,0
@Garasikite,2026-06-15 04:05:28+00:00,Pauas bner liat onic kalah ahahhahaha,0,YouTube,pauas bner liat onic kalah ahahhahaha,"['pauas', 'bner', 'liat', 'onic', 'kalah', 'ahahhahaha']",1,2026-06-15,0
@cseptian,2026-06-15 04:03:17+00:00,"[ Before Match ]
• Player Intro 1:31:04

[ Match ]
• Game 1 - Draft 1:45:44 - Start 1:54:59
• Game 2 - Draft 2:25:26 - Start 2:35:44
• Game 3 - Draft 3:26:15 - Start 3:33:47
- Mic Check 4:09:40
• Game 4 - Draft 4:13:23 - Start 4:22:40
• Game 5 - Draft 5:01:13 - Start 5:07:42

[ After Match ]
• Winning Moment 5:20:58
• Champion 5:25:32",1,YouTube,before match • player intro match • game draft start • game draft start • game draft start mic check • game draft start • game draft start after match • winning moment • champion,"['before', 'match', '•', 'player', 'intro', 'match', '•', 'game', 'draft', 'start', '•', 'game', 'draft', 'start', '•', 'game', 'draft', 'start', 'mic', 'check', '•', 'game', 'draft', 'start', '•', 'game', 'draft', 'start', 'after', 'match', '•', 'winning', 'moment', '•', 'champion']",0,2026-06-15,-1
@Muksin_KCSR,2026-06-15 03:55:39+00:00,"Tunggu aja di MSC, onic bakal bantai semuanya",0,YouTube,tunggu aja di msc onic bakal bantai semuanya,"['tunggu', 'aja', 'di', 'msc', 'onic', 'bakal', 'bantai', 'semuanya']",1,2026-06-15,0
@eenmelnova7122,2026-06-15 03:50:34+00:00,Congrats BTR,0,YouTube,congrats btr,"['congrats', 'btr']",0,2026-06-15,2
@hugoreinegard6336,2026-06-15 03:45:37+00:00,1:31:55,0,YouTube,,[],0,2026-06-15,1
@adhikaalfarisi3539,2026-06-15 03:42:46+00:00,mm yang di agung-agungkan jalan2 doang di grand final sumpah mending skylar 😂,0,YouTube,mm yang di agung agungkan jalan doang di grand final sumpah mending skylar,"['mm', 'yang', 'di', 'agung', 'agungkan', 'jalan', 'doang', 'di', 'grand', 'final', 'sumpah', 'mending', 'skylar']",1,2026-06-15,0
@muhammadhablihafifi3643,2026-06-15 03:39:44+00:00,"THE REAL HERO IS ME HERO IS GOD, HERTOD OYY TOD TOD TOD.😂🤌🏻",0,YouTube,the real hero is me hero is god hertod oyy tod tod tod,"['the', 'real', 'hero', 'is', 'me', 'hero', 'is', 'god', 'hertod', 'oyy', 'tod', 'tod', 'tod']",0,2026-06-15,0
@DarkAngelous-z1,2026-06-15 03:35:06+00:00,"3:41:30 Nnael gak bisa dipredik, Kelra jadi kumar",0,YouTube,nnael tidak bisa dipredik kelra jadi kumar,"['nnael', 'tidak', 'bisa', 'dipredik', 'kelra', 'jadi', 'kumar']",1,2026-06-15,0
@adhikaalfarisi3539,2026-06-15 03:34:34+00:00,awokwokwok kelraaaa kesayangan caster😂,0,YouTube,awokwokwok kelraaaa kesayangan caster,"['awokwokwok', 'kelraaaa', 'kesayangan', 'caster']",0,2026-06-15,0
@Necko.,2026-06-15 03:14:43+00:00,Hertod pakai gemplay aurora,1,YouTube,hertod pakai gemplay aurora,"['hertod', 'pakai', 'gemplay', 'aurora']",0,2026-06-15,0
@syafiqafandi2214,2026-06-15 03:03:56+00:00,The gold standard 😅makin parah cok,1,YouTube,the gold standard makin parah cok,"['the', 'gold', 'standard', 'makin', 'parah', 'cok']",0,2026-06-15,0
@michaelsinaga1136,2026-06-15 03:03:10+00:00,Tapi GK ke MSC 😂😂😂,0,YouTube,tapi tidak ke msc,"['tapi', 'tidak', 'ke', 'msc']",1,2026-06-15,-1
@Necko.,2026-06-15 02:52:43+00:00,Hertod dengan analisinya 😂,1,YouTube,hertod dengan analisinya,"['hertod', 'dengan', 'analisinya']",0,2026-06-15,0
@slametwidodo7791,2026-06-15 02:49:46+00:00,Sanz beban,0,YouTube,sanz beban,"['sanz', 'beban']",1,2026-06-15,0
@Torasono,2026-06-15 02:49:24+00:00,MPL INDO NIH BOS GK EZ SERVER KEK MALAY,3,YouTube,mpl indo nih bos tidak ez server kek malay,"['mpl', 'indo', 'nih', 'bos', 'tidak', 'ez', 'server', 'kek', 'malay']",1,2026-06-15,0
@Tamtama-25,2026-06-15 02:46:12+00:00,"Gilaaa emang lagi season nya BTR ini,,mantap mendominasi di mpl
Congrats BTR",0,YouTube,gilaaa emang lagi season nya btr ini mantap mendominasi di mpl congrats btr,"['gilaaa', 'emang', 'lagi', 'season', 'nya', 'btr', 'ini', 'mantap', 'mendominasi', 'di', 'mpl', 'congrats', 'btr']",0,2026-06-15,0
@zianzulkhamramadhan,2026-06-15 02:40:45+00:00,"Congratullation for Bigetron by Vitality,
Gila akhirnya yang gua tunggu-tunggu ada pemenang baru dari MPL Indonesia, dan ya emang kalian semua keren banget, pertahanin terus kemenangan ini dan semoga kalian yg jadi juara sekaligus pemenang di EWC, jgn dipadamin API nya. Let's go BTR 🔥🔥🔥",1,YouTube,congratullation for bigetron by vitality gila akhirnya yang gua tunggu tunggu ada pemenang baru dari mpl indonesia dan ya emang kalian semua keren banget pertahanin terus kemenangan ini dan semoga kalian yang jadi juara sekaligus pemenang di ewc jgn dipadamin api nya let s go btr,"['congratullation', 'for', 'bigetron', 'by', 'vitality', 'gila', 'akhirnya', 'yang', 'gua', 'tunggu', 'tunggu', 'ada', 'pemenang', 'baru', 'dari', 'mpl', 'indonesia', 'dan', 'ya', 'emang', 'kalian', 'semua', 'keren', 'banget', 'pertahanin', 'terus', 'kemenangan', 'ini', 'dan', 'semoga', 'kalian', 'yang', 'jadi', 'juara', 'sekaligus', 'pemenang', 'di', 'ewc', 'jgn', 'dipadamin', 'api', 'nya', 'let', 's', 'go', 'btr']",1,2026-06-15,0
@XavierLestian-gf6co,2026-06-15 02:31:25+00:00,"Btr Bisa lebih kuat dari tlph gk sih apalagi goldnya eman komposisi hampir mirip mirip 
Tipe mid carry 
Tipe exp agresive(bukan inisiator)
Jug tb
Roam Tipe tebel

Yang ngebedain shogun bisa inisiator bis megangin walaupun menurutku lebih kuat pake hero megangin,roam juga jaype Tipe tb kalau finn sama bedanya finn bisa pake hero inisiator tapi lebih ke hero backup sih",2,YouTube,btr bisa lebih kuat dari tlph tidak sih apalagi goldnya eman komposisi hampir mirip mirip tipe mid carry tipe exp agresive bukan inisiator jug tb roam tipe tebel yang ngebedain shogun bisa inisiator bis megangin walaupun menurutku lebih kuat pake hero megangin roam juga jaype tipe tb kalau finn sama bedanya finn bisa pake hero inisiator tapi lebih ke hero backup sih,"['btr', 'bisa', 'lebih', 'kuat', 'dari', 'tlph', 'tidak', 'sih', 'apalagi', 'goldnya', 'eman', 'komposisi', 'hampir', 'mirip', 'mirip', 'tipe', 'mid', 'carry', 'tipe', 'exp', 'agresive', 'bukan', 'inisiator', 'jug', 'tb', 'roam', 'tipe', 'tebel', 'yang', 'ngebedain', 'shogun', 'bisa', 'inisiator', 'bis', 'megangin', 'walaupun', 'menurutku', 'lebih', 'kuat', 'pake', 'hero', 'megangin', 'roam', 'juga', 'jaype', 'tipe', 'tb', 'kalau', 'finn', 'sama', 'bedanya', 'finn', 'bisa', 'pake', 'hero', 'inisiator', 'tapi', 'lebih', 'ke', 'hero', 'backup', 'sih']",1,2026-06-15,0
@adityairfannuladdin7295,2026-06-15 02:27:33+00:00,wr robby 100% sampe menang,1,YouTube,wr robby sampe menang,"['wr', 'robby', 'sampe', 'menang']",1,2026-06-15,0
@Too_Kang_Comment,2026-06-15 02:17:14+00:00,hebat kamu @Daneell-Z9,0,YouTube,hebat kamu z,"['hebat', 'kamu', 'z']",0,2026-06-15,0
@菖蒲iris様,2026-06-15 02:16:52+00:00,BTR ni aneh banget sumpah dah tau tau juara aja tim paling gak stabil,1,YouTube,btr ni aneh banget sumpah dah tau tau juara aja tim paling tidak stabil,"['btr', 'ni', 'aneh', 'banget', 'sumpah', 'dah', 'tau', 'tau', 'juara', 'aja', 'tim', 'paling', 'tidak', 'stabil']",1,2026-06-15,0
@fahmidyas3683,2026-06-15 02:04:47+00:00,Real INDO.. PH PULANG DH G DA HARAPAN DI INDO,2,YouTube,real indo ph pulang dh g da harapan di indo,"['real', 'indo', 'ph', 'pulang', 'dh', 'g', 'da', 'harapan', 'di', 'indo']",1,2026-06-15,5
@BrilliAnakhebat123,2026-06-15 02:02:07+00:00,Butuh 17 season untuk juara njir,2,YouTube,butuh season untuk juara njir,"['butuh', 'season', 'untuk', 'juara', 'njir']",1,2026-06-15,0
@semangka-aa,2026-06-15 02:01:06+00:00,NT onic don't star SYNDROME btr,1,YouTube,nt onic don t star syndrome btr,"['nt', 'onic', 'don', 't', 'star', 'syndrome', 'btr']",0,2026-06-15,3
@IndahPonsel-t7l,2026-06-15 01:54:06+00:00,MENDING SKYLAR LAGI GAK SIH SEKALI COMEBACK LANGSUNG PIALA S16 + GOF INTER LAGI,1,YouTube,mending skylar lagi tidak sih sekali comeback langsung piala s gof inter lagi,"['mending', 'skylar', 'lagi', 'tidak', 'sih', 'sekali', 'comeback', 'langsung', 'piala', 's', 'gof', 'inter', 'lagi']",1,2026-06-15,0
@Richiealbuqhory,2026-06-15 01:53:52+00:00,Onic tolol,0,YouTube,onic tolol,"['onic', 'tolol']",1,2026-06-15,0
@jhoncovallopanjaitan723,2026-06-15 01:53:22+00:00,hertod effect,0,YouTube,hertod effect,"['hertod', 'effect']",0,2026-06-15,6
@IndahPonsel-t7l,2026-06-15 01:52:48+00:00,KELRA GAK GUNA,0,YouTube,kelra tidak guna,"['kelra', 'tidak', 'guna']",0,2026-06-15,0
@LUCUWKWKWKWK-h9k,2026-06-15 01:44:23+00:00,congrats btr by sonic,0,YouTube,congrats btr by sonic,"['congrats', 'btr', 'by', 'sonic']",0,2026-06-15,7
@yor_rex,2026-06-15 01:31:01+00:00,Di balik kalahnya onic ada tim yang panas wkwk,0,YouTube,di balik kalahnya onic ada tim yang panas wkwk,"['di', 'balik', 'kalahnya', 'onic', 'ada', 'tim', 'yang', 'panas', 'wkwk']",1,2026-06-15,0
@Numbers_77,2026-06-15 01:29:07+00:00,1:59:58 tangan si kelra gementar cuk,0,YouTube,tangan si kelra gementar cuk,"['tangan', 'si', 'kelra', 'gementar', 'cuk']",0,2026-06-15,0
@rugunsitohang7219,2026-06-15 01:28:37+00:00,1:17:38 kebalik btr yang 41,1,YouTube,kebalik btr yang,"['kebalik', 'btr', 'yang']",1,2026-06-15,0
@sarlinsitumorang,2026-06-15 01:28:08+00:00,Yeb tolongin yeb,0,YouTube,yeb tolongin yeb,"['yeb', 'tolongin', 'yeb']",0,2026-06-15,0
@rozik1887,2026-06-15 01:21:38+00:00,Gak fokus nontonn mpl garaw nabrak f1 jd fokus f1 dulu😂. Gak tau2 yg menang btr dan lewis juga menang😂😂😂 harinya merah2 ini,0,YouTube,tidak fokus nontonn mpl garaw nabrak f jadi fokus f dulu tidak tau yang menang btr dan lewis juga menang harinya merah ini,"['tidak', 'fokus', 'nontonn', 'mpl', 'garaw', 'nabrak', 'f', 'jadi', 'fokus', 'f', 'dulu', 'tidak', 'tau', 'yang', 'menang', 'btr', 'dan', 'lewis', 'juga', 'menang', 'harinya', 'merah', 'ini']",1,2026-06-15,0
@Alippp23,2026-06-15 01:20:08+00:00,"KING OF REMONTADA? ❌🤣 
KING OF BADUT 🤡✅",0,YouTube,king of remontada king of badut,"['king', 'of', 'remontada', 'king', 'of', 'badut']",1,2026-06-15,-1
@subjek0001,2026-06-15 01:19:36+00:00,Terimakasih btr sudah menyelamatkan dunia dari kebisingan seblak 😹😹,0,YouTube,terimakasih btr sudah menyelamatkan dunia dari kebisingan seblak,"['terimakasih', 'btr', 'sudah', 'menyelamatkan', 'dunia', 'dari', 'kebisingan', 'seblak']",1,2026-06-15,9
@uluhayi,2026-06-15 01:13:56+00:00,Buset 9jt yg nonton,0,YouTube,buset jt yang nonton,"['buset', 'jt', 'yang', 'nonton']",1,2026-06-15,0
@Mbg-t6z,2026-06-15 01:13:21+00:00,Roby pantjoro jadi BA btr ko ed,0,YouTube,roby pantjoro jadi ba btr ko ed,"['roby', 'pantjoro', 'jadi', 'ba', 'btr', 'ko', 'ed']",1,2026-06-15,0
@aguscandra2593,2026-06-15 01:12:38+00:00,"Ga ada super""an di BTR,,akhir nya juara juga
Congrats BTR🥳",0,YouTube,tidak ada super an di btr akhir nya juara juga congrats btr,"['tidak', 'ada', 'super', 'an', 'di', 'btr', 'akhir', 'nya', 'juara', 'juga', 'congrats', 'btr']",1,2026-06-15,0
@DHS-129,2026-06-15 01:03:34+00:00,1:14:53 ngakak gw sm komuk kelra ad bang ler lgi😹,0,YouTube,ngakak saya sama komuk kelra ad bang ler lgi,"['ngakak', 'saya', 'sama', 'komuk', 'kelra', 'ad', 'bang', 'ler', 'lgi']",1,2026-06-15,0
@mega1717-n7m,2026-06-15 00:49:43+00:00,"2:06:19
Terpantau Mac Book di room BTR #Infinix",0,YouTube,terpantau mac book di room btr,"['terpantau', 'mac', 'book', 'di', 'room', 'btr']",0,2026-06-15,0
@Pinmo_SangRajaKarbit,2026-06-15 00:47:21+00:00,"Congratulations btr, hertod effect ternyata bener 👏",1,YouTube,congratulations btr hertod effect ternyata bener,"['congratulations', 'btr', 'hertod', 'effect', 'ternyata', 'bener']",1,2026-06-15,2
@Allya-r3e,2026-06-15 00:29:20+00:00,Yg terakhir kyknya BTR ngalah sih,0,YouTube,yang terakhir kyknya btr ngalah sih,"['yang', 'terakhir', 'kyknya', 'btr', 'ngalah', 'sih']",1,2026-06-15,0
@lunarian-06,2026-06-15 00:17:45+00:00,"GG sih BTR, pemutus liga tani",0,YouTube,gg sih btr pemutus liga tani,"['gg', 'sih', 'btr', 'pemutus', 'liga', 'tani']",0,2026-06-15,0
@vivifannlia4450,2026-06-15 00:11:59+00:00,Skylar ga ngapa2in udah angkat piala nya duluan hahahahahhhhh🤩,0,YouTube,skylar tidak ngapa in sudah angkat piala nya duluan hahahahahhhhh,"['skylar', 'tidak', 'ngapa', 'in', 'sudah', 'angkat', 'piala', 'nya', 'duluan', 'hahahahahhhhh']",1,2026-06-15,0
@jajan1menit,2026-06-15 00:05:03+00:00,hertod juara😂,0,YouTube,hertod juara,"['hertod', 'juara']",0,2026-06-15,0
@muhyidinmaulana4889,2026-06-15 00:02:17+00:00,Alhamdulillah soalnya berisik banget tuh fans seblak,0,YouTube,alhamdulillah soalnya berisik banget tuh fans seblak,"['alhamdulillah', 'soalnya', 'berisik', 'banget', 'tuh', 'fans', 'seblak']",0,2026-06-15,0
@tithon1911,2026-06-14 23:59:35+00:00,"Udah dibilang, eman lebih jago dari kelra , adapun jungler, yg jago di mpl indo mah, Nnael ama alberto yg bisa bersaing, kairul mah udh habis prime nya",1,YouTube,sudah dibilang eman lebih jago dari kelra adapun jungler yang jago di mpl indo mah nnael ama alberto yang bisa bersaing kairul mah sudah habis prime nya,"['sudah', 'dibilang', 'eman', 'lebih', 'jago', 'dari', 'kelra', 'adapun', 'jungler', 'yang', 'jago', 'di', 'mpl', 'indo', 'mah', 'nnael', 'ama', 'alberto', 'yang', 'bisa', 'bersaing', 'kairul', 'mah', 'sudah', 'habis', 'prime', 'nya']",1,2026-06-14,0
@ecelsius4159,2026-06-14 23:58:19+00:00,Iya sih ada buff upi tapi buff Robby sama dapon terlalu OP😅,1,YouTube,iya sih ada buff upi tapi buff robby sama dapon terlalu op,"['iya', 'sih', 'ada', 'buff', 'upi', 'tapi', 'buff', 'robby', 'sama', 'dapon', 'terlalu', 'op']",1,2026-06-14,0
@tithon1911,2026-06-14 23:55:54+00:00,"Btr prime, trutama Moreno, Naell mah, udh jago dr dlu, cuman disia2in onic sok jago",0,YouTube,btr prime trutama moreno naell mah sudah jago dr dlu cuman disia in onic sok jago,"['btr', 'prime', 'trutama', 'moreno', 'naell', 'mah', 'sudah', 'jago', 'dr', 'dlu', 'cuman', 'disia', 'in', 'onic', 'sok', 'jago']",0,2026-06-14,0
@DinoDoc666,2026-06-14 23:54:57+00:00,1:51:12 ini ba onic juga yg gk pake baju onic?,1,YouTube,ini ba onic juga yang tidak pake baju onic,"['ini', 'ba', 'onic', 'juga', 'yang', 'tidak', 'pake', 'baju', 'onic']",1,2026-06-14,0
@andrinurhadi8884,2026-06-14 23:53:37+00:00,"Btr allhamdulilah,  gua gak suka banget onic menang Mulu soalnya sok jago kelihatan di kamera onic Mulu bosen😮, makasih BTR",0,YouTube,btr allhamdulilah gua tidak suka banget onic menang mulu soalnya sok jago kelihatan di kamera onic mulu bosen makasih btr,"['btr', 'allhamdulilah', 'gua', 'tidak', 'suka', 'banget', 'onic', 'menang', 'mulu', 'soalnya', 'sok', 'jago', 'kelihatan', 'di', 'kamera', 'onic', 'mulu', 'bosen', 'makasih', 'btr']",1,2026-06-14,0
@hannzaehaa,2026-06-14 23:50:42+00:00,"Onic boyong Kelra dari ph mau bawa juara, eh malah king btr yg menyalaa 😂🎉",1,YouTube,onic boyong kelra dari ph mau bawa juara eh malah king btr yang menyalaa,"['onic', 'boyong', 'kelra', 'dari', 'ph', 'mau', 'bawa', 'juara', 'eh', 'malah', 'king', 'btr', 'yang', 'menyalaa']",1,2026-06-14,-1
@Pstar7-v7p,2026-06-14 23:40:36+00:00,"Gg btr,juara baruuu",0,YouTube,gg btr juara baruuu,"['gg', 'btr', 'juara', 'baruuu']",0,2026-06-14,0
@Rayoodsanji,2026-06-14 23:31:32+00:00,4:37:37 kelra kenapa woi??,0,YouTube,kelra kenapa woi,"['kelra', 'kenapa', 'woi']",0,2026-06-14,0
@LiliSomantri,2026-06-14 23:25:58+00:00,Onic terlalu meremehkan BTR...... mana goldlaner standar mpl? mantep BTR... congratz...,0,YouTube,onic terlalu meremehkan btr mana goldlaner standar mpl mantep btr congratz,"['onic', 'terlalu', 'meremehkan', 'btr', 'mana', 'goldlaner', 'standar', 'mpl', 'mantep', 'btr', 'congratz']",1,2026-06-14,2
@FitriLestari-x2o,2026-06-14 23:25:18+00:00,"Sonic "" Ujung-ujungnya onic yang juara lagi "" Haha mimpi😂",0,YouTube,sonic ujung ujungnya onic yang juara lagi haha mimpi,"['sonic', 'ujung', 'ujungnya', 'onic', 'yang', 'juara', 'lagi', 'haha', 'mimpi']",1,2026-06-14,7
@clickgaming669,2026-06-14 23:24:52+00:00,Knp ya onic semakin naik mendekati dunia permainyanya jadi tolol,0,YouTube,knp ya onic semakin naik mendekati dunia permainyanya jadi tolol,"['knp', 'ya', 'onic', 'semakin', 'naik', 'mendekati', 'dunia', 'permainyanya', 'jadi', 'tolol']",0,2026-06-14,0
@anamkuclux,2026-06-14 23:22:14+00:00,"di counter nnael, produk onic sendiri😂",0,YouTube,di counter nnael produk onic sendiri,"['di', 'counter', 'nnael', 'produk', 'onic', 'sendiri']",0,2026-06-14,0
@aguswinarno6069,2026-06-14 23:18:11+00:00,"Aku malah fokus nnael dan ko ed, kyk LG kenapa gitu. Apa firasat ku aja.😂😂",1,YouTube,aku malah fokus nnael dan ko ed kyk lg kenapa gitu apa firasat ku aja,"['aku', 'malah', 'fokus', 'nnael', 'dan', 'ko', 'ed', 'kyk', 'lg', 'kenapa', 'gitu', 'apa', 'firasat', 'ku', 'aja']",1,2026-06-14,0
@agungsetiawan5465,2026-06-14 23:17:19+00:00,Onic minusnya exp😂,0,YouTube,onic minusnya exp,"['onic', 'minusnya', 'exp']",0,2026-06-14,-1
@king_equilibrium,2026-06-14 23:12:52+00:00,5:04:50,1,YouTube,,[],0,2026-06-14,1
@MCDEnak69,2026-06-14 23:11:37+00:00,Akhirnya gak sia sia gw sebagai troppers di hina di katain kelinci percobaan rrq tapi bisa buat sejarah baru. #BTRWIN #KINGFINIX,0,YouTube,akhirnya tidak sia sia saya sebagai troppers di hina di katain kelinci percobaan rrq tapi bisa buat sejarah baru,"['akhirnya', 'tidak', 'sia', 'sia', 'saya', 'sebagai', 'troppers', 'di', 'hina', 'di', 'katain', 'kelinci', 'percobaan', 'rrq', 'tapi', 'bisa', 'buat', 'sejarah', 'baru']",1,2026-06-14,0
@dhieww,2026-06-14 23:10:48+00:00,Anjai hertod,0,YouTube,anjai hertod,"['anjai', 'hertod']",0,2026-06-14,0
@MartinusNdruru-b7s2m,2026-06-14 23:08:23+00:00,Ingat gak ada bisa jatuhkan onic selain btr,1,YouTube,ingat tidak ada bisa jatuhkan onic selain btr,"['ingat', 'tidak', 'ada', 'bisa', 'jatuhkan', 'onic', 'selain', 'btr']",1,2026-06-14,8
@RvoVz,2026-06-14 22:59:06+00:00,Bukan nya onic vs btr udah semalem,0,YouTube,bukan nya onic vs btr sudah semalem,"['bukan', 'nya', 'onic', 'vs', 'btr', 'sudah', 'semalem']",1,2026-06-14,8
@MasZC,2026-06-14 22:56:18+00:00,btr layak juara🎉,1,YouTube,btr layak juara,"['btr', 'layak', 'juara']",1,2026-06-14,0
@fahryerickolim8160,2026-06-14 22:54:41+00:00,"kuat di regular = playoff lemah
lemah di playoff = playoff kuat",0,YouTube,kuat di regular playoff lemah lemah di playoff playoff kuat,"['kuat', 'di', 'regular', 'playoff', 'lemah', 'lemah', 'di', 'playoff', 'playoff', 'kuat']",1,2026-06-14,0
@carlossamuel2678,2026-06-14 22:52:40+00:00,Tetap low profile nnael....kami yakin lu bisa dapat mencapai yg lebih tinggi bareng BTR.... senang banget liat momen menang nnael menang tanpa taunt atau gimana......emang cuma butuh kode yg tepat untuk ngeluarin potensi terbaik Eman dan nnael,7,YouTube,tetap low profile nnael kami yakin kamu bisa dapat mencapai yang lebih tinggi bareng btr senang banget liat momen menang nnael menang tanpa taunt atau gimana emang cuma butuh kode yang tepat untuk ngeluarin potensi terbaik eman dan nnael,"['tetap', 'low', 'profile', 'nnael', 'kami', 'yakin', 'kamu', 'bisa', 'dapat', 'mencapai', 'yang', 'lebih', 'tinggi', 'bareng', 'btr', 'senang', 'banget', 'liat', 'momen', 'menang', 'nnael', 'menang', 'tanpa', 'taunt', 'atau', 'gimana', 'emang', 'cuma', 'butuh', 'kode', 'yang', 'tepat', 'untuk', 'ngeluarin', 'potensi', 'terbaik', 'eman', 'dan', 'nnael']",1,2026-06-14,0
@Gachaa77,2026-06-14 22:50:32+00:00,5:21:00,0,YouTube,,[],0,2026-06-14,1
@KA-4658,2026-06-14 22:45:37+00:00,GG HERTOD,0,YouTube,gg hertod,"['gg', 'hertod']",0,2026-06-14,3
@ipankjr-ey5nn,2026-06-14 22:44:15+00:00,Alhamdulillah gak jadi liga tani,0,YouTube,alhamdulillah tidak jadi liga tani,"['alhamdulillah', 'tidak', 'jadi', 'liga', 'tani']",1,2026-06-14,0
@PepenkAjja,2026-06-14 22:43:21+00:00,Hahahah 2 PH tak berkutik,1,YouTube,hahahah ph tak berkutik,"['hahahah', 'ph', 'tak', 'berkutik']",0,2026-06-14,0
@kenzzTzyx2FY,2026-06-14 22:43:08+00:00,Kakak lu bangga banget NNAEL diatas sana semangat terus NNAEL,1,YouTube,kakak kamu bangga banget nnael diatas sana semangat terus nnael,"['kakak', 'kamu', 'bangga', 'banget', 'nnael', 'diatas', 'sana', 'semangat', 'terus', 'nnael']",0,2026-06-14,0
@AlifMulya-r7n,2026-06-14 22:40:46+00:00,Gg Cok nael😂,1,YouTube,gg cok nael,"['gg', 'cok', 'nael']",0,2026-06-14,0
@Zain_inunk46,2026-06-14 22:31:53+00:00,"Diatas langit masih ada langit 😅😅😅
Enak banget di kacangin BTR 😅
Wah final MVP si sanz kereeeeeen 😅😅😅",1,YouTube,diatas langit masih ada langit enak banget di kacangin btr wah final mvp si sanz kereeeeeen,"['diatas', 'langit', 'masih', 'ada', 'langit', 'enak', 'banget', 'di', 'kacangin', 'btr', 'wah', 'final', 'mvp', 'si', 'sanz', 'kereeeeeen']",1,2026-06-14,0
@NioAE67,2026-06-14 22:26:56+00:00,"Koh ed parah lu kemarin lu bilang final cuma hadiah sekarang bahkan hingga juara
Respect dari ALTERCHAMS",2,YouTube,koh ed parah kamu kemarin kamu bilang final cuma hadiah sekarang bahkan hingga juara respect dari alterchams,"['koh', 'ed', 'parah', 'kamu', 'kemarin', 'kamu', 'bilang', 'final', 'cuma', 'hadiah', 'sekarang', 'bahkan', 'hingga', 'juara', 'respect', 'dari', 'alterchams']",1,2026-06-14,0
@AbidNauval-t5x,2026-06-14 22:24:41+00:00,"Selamat btr btw tod sorry ye slogan gw bukan coach,gw bukan analis,gw bukan propeler dah semakin gak relevan",1,YouTube,selamat btr btw tod sorry ye slogan saya bukan coach saya bukan analis saya bukan propeler dah semakin tidak relevan,"['selamat', 'btr', 'btw', 'tod', 'sorry', 'ye', 'slogan', 'saya', 'bukan', 'coach', 'saya', 'bukan', 'analis', 'saya', 'bukan', 'propeler', 'dah', 'semakin', 'tidak', 'relevan']",1,2026-06-14,0
@slavablue_ch,2026-06-14 22:24:04+00:00,Hertod sekali masuk mpl langsung dapat piala jir,2,YouTube,hertod sekali masuk mpl langsung dapat piala jir,"['hertod', 'sekali', 'masuk', 'mpl', 'langsung', 'dapat', 'piala', 'jir']",1,2026-06-14,0
@RifiAziansyah,2026-06-14 22:19:07+00:00,Onic kalah masih bisa senyum senyum😢,1,YouTube,onic kalah masih bisa senyum senyum,"['onic', 'kalah', 'masih', 'bisa', 'senyum', 'senyum']",1,2026-06-14,0
@MyloAnimator,2026-06-14 22:17:55+00:00,Akhirnya punya cincin,1,YouTube,akhirnya punya cincin,"['akhirnya', 'punya', 'cincin']",0,2026-06-14,0
@Anugrah69-ee2mb,2026-06-14 22:10:47+00:00,GG BTR SALAM DARI SONIC #RESPECT,0,YouTube,gg btr salam dari sonic,"['gg', 'btr', 'salam', 'dari', 'sonic']",1,2026-06-14,7
@M.sptianprtma,2026-06-14 22:03:18+00:00,"Ga nyangka gw sama BTR, congrats buat BTR NT buat onic",0,YouTube,tidak nyangka saya sama btr congrats buat btr nt buat onic,"['tidak', 'nyangka', 'saya', 'sama', 'btr', 'congrats', 'buat', 'btr', 'nt', 'buat', 'onic']",0,2026-06-14,-1
@vyeerx5807,2026-06-14 22:02:39+00:00,"finally juara baru, gg emang penjoki mpl satu ini",0,YouTube,finally juara baru gg emang penjoki mpl satu ini,"['finally', 'juara', 'baru', 'gg', 'emang', 'penjoki', 'mpl', 'satu', 'ini']",1,2026-06-14,0
@TutiMargawati,2026-06-14 21:52:57+00:00,Mpl settingan😂,0,YouTube,mpl settingan,"['mpl', 'settingan']",1,2026-06-14,0
@agungsandi6513,2026-06-14 21:40:17+00:00,k,0,YouTube,k,['k'],0,2026-06-14,0
@RehanRehan-f5q,2026-06-14 21:39:37+00:00,Gara Gara Robi pancoro,0,YouTube,gara gara robi pancoro,"['gara', 'gara', 'robi', 'pancoro']",1,2026-06-14,0
@talhatalhaa2086gma,2026-06-14 21:37:18+00:00,Lest go,0,YouTube,lest go,"['lest', 'go']",0,2026-06-14,0
@channelgeming5316,2026-06-14 21:36:21+00:00,Mantap ada juara baru dari beberapa mpl season kemaren,0,YouTube,mantap ada juara baru dari beberapa mpl season kemaren,"['mantap', 'ada', 'juara', 'baru', 'dari', 'beberapa', 'mpl', 'season', 'kemaren']",1,2026-06-14,0
@Elka.11,2026-06-14 21:26:29+00:00,"YOUTUBER KECIL PERNAH BILANG ""GW BUKAN ANALIS, GW BUKAN COACH, GW BUKAN PRO PLAYER"" GELO SKRNG JADI COACH BENERAN + BAWA PIALA MPL 🥳🗿",0,YouTube,youtuber kecil pernah bilang saya bukan analis saya bukan coach saya bukan pro player gelo skrng jadi coach beneran bawa piala mpl,"['youtuber', 'kecil', 'pernah', 'bilang', 'saya', 'bukan', 'analis', 'saya', 'bukan', 'coach', 'saya', 'bukan', 'pro', 'player', 'gelo', 'skrng', 'jadi', 'coach', 'beneran', 'bawa', 'piala', 'mpl']",1,2026-06-14,0
@kaku_animasi,2026-06-14 21:20:53+00:00,Apakah liga tani onic tamat?,0,YouTube,apakah liga tani onic tamat,"['apakah', 'liga', 'tani', 'onic', 'tamat']",1,2026-06-14,0
@rafazyd-x,2026-06-14 21:12:08+00:00,Ga nyangka,0,YouTube,tidak nyangka,"['tidak', 'nyangka']",1,2026-06-14,0
@waswindo,2026-06-14 21:05:06+00:00,Katanya liga tani. Ups.,0,YouTube,katanya liga tani ups,"['katanya', 'liga', 'tani', 'ups']",1,2026-06-14,0
@Rampage9,2026-06-14 21:04:31+00:00,"Selamat BTR, dari awal udah gw duga BTR yg jadi juara, walaupun gw pendukung ONic tapi vibes juara BTR udah kerasa dari match 1, selamat buat BTR",2,YouTube,selamat btr dari awal sudah saya duga btr yang jadi juara walaupun saya pendukung onic tapi vibes juara btr sudah kerasa dari match selamat buat btr,"['selamat', 'btr', 'dari', 'awal', 'sudah', 'saya', 'duga', 'btr', 'yang', 'jadi', 'juara', 'walaupun', 'saya', 'pendukung', 'onic', 'tapi', 'vibes', 'juara', 'btr', 'sudah', 'kerasa', 'dari', 'match', 'selamat', 'buat', 'btr']",1,2026-06-14,0
@MikoTamma,2026-06-14 21:00:35+00:00,Nice try onic masih ada ewc,0,YouTube,nice try onic masih ada ewc,"['nice', 'try', 'onic', 'masih', 'ada', 'ewc']",0,2026-06-14,0
@RubyAbdurrahmanQabus,2026-06-14 21:00:33+00:00,"5:31:29 dapatkaynn,keyakinayn😂",0,YouTube,dapatkaynn keyakinayn,"['dapatkaynn', 'keyakinayn']",0,2026-06-14,0
@ayahazraboysak3727,2026-06-14 20:58:20+00:00,"1. Drafting & Match
Pertandingan ini menyajikan pertarungan sengit dengan strategi mendalam dari kedua tim:
Game 1: (1:53:15 - 2:13:14)
Game 2: (2:21:45 - 3:03:33)
Game 3: (3:25:32 - 3:57:07)
Game 4: (4:06:54 - 4:56:10)
Game 5: (5:06:35 - 5:21:13)

2. Interview & Segmen Pendukung
Di sela-sela pertandingan, terdapat analisis panelis dan segmen hiburan:
Analisis Panelis/Pre-match: (1:00:22 - 1:19:25)
Interview/Fun Match (Carry 1v1): (3:03:50 - 3:19:39)
Analisis & Evaluasi Tengah Match: (3:57:07 - 4:06:54)
Segmen Komunitas: (4:50:34 - 4:56:10)

3. Penyerahan Medali Kemenangan
Setelah Bigetron Vitality mengamankan gelar juara sebagai King Phoenix, dilakukan upacara penyerahan trofi dan penghargaan:
Momen Kemenangan & Selebrasi: (5:21:13 - 5:26:48)
Penyerahan Medali, Cincin, & Tropi: (5:26:48 - 5:30:45)
Penganugerahan Final MVP: (5:31:51 - 5:32:19)",1,YouTube,drafting match pertandingan ini menyajikan pertarungan sengit dengan strategi mendalam dari kedua tim game game game game game interview segmen pendukung di sela sela pertandingan terdapat analisis panelis dan segmen hiburan analisis panelis pre match interview fun match carry v analisis evaluasi tengah match segmen komunitas penyerahan medali kemenangan setelah bigetron vitality mengamankan gelar juara sebagai king phoenix dilakukan upacara penyerahan trofi dan penghargaan momen kemenangan selebrasi penyerahan medali cincin tropi penganugerahan final mvp,"['drafting', 'match', 'pertandingan', 'ini', 'menyajikan', 'pertarungan', 'sengit', 'dengan', 'strategi', 'mendalam', 'dari', 'kedua', 'tim', 'game', 'game', 'game', 'game', 'game', 'interview', 'segmen', 'pendukung', 'di', 'sela', 'sela', 'pertandingan', 'terdapat', 'analisis', 'panelis', 'dan', 'segmen', 'hiburan', 'analisis', 'panelis', 'pre', 'match', 'interview', 'fun', 'match', 'carry', 'v', 'analisis', 'evaluasi', 'tengah', 'match', 'segmen', 'komunitas', 'penyerahan', 'medali', 'kemenangan', 'setelah', 'bigetron', 'vitality', 'mengamankan', 'gelar', 'juara', 'sebagai', 'king', 'phoenix', 'dilakukan', 'upacara', 'penyerahan', 'trofi', 'dan', 'penghargaan', 'momen', 'kemenangan', 'selebrasi', 'penyerahan', 'medali', 'cincin', 'tropi', 'penganugerahan', 'final', 'mvp']",0,2026-06-14,0
@TheMud_19,2026-06-14 20:39:52+00:00,Gw yakin ini gara2 analis hertod😂,0,YouTube,saya yakin ini gara analis hertod,"['saya', 'yakin', 'ini', 'gara', 'analis', 'hertod']",1,2026-06-14,-1
@jarzy2435,2026-06-14 20:07:39+00:00,GG BTR NT ONIC,0,YouTube,gg btr nt onic,"['gg', 'btr', 'nt', 'onic']",0,2026-06-14,3
@mwpprasetya3905,2026-06-14 19:53:53+00:00,"Keknya bener bagusan eman deh dripada kelra, eman meskipun timnya btr dari season2 sebelumnya kek begitu dia tetep stabil performanya
Ph kenapa biarin eman pergi ke btr yah, padahal masih prime.",0,YouTube,keknya bener bagusan eman deh dripada kelra eman meskipun timnya btr dari season sebelumnya kek begitu dia tetep stabil performanya ph kenapa biarin eman pergi ke btr yah padahal masih prime,"['keknya', 'bener', 'bagusan', 'eman', 'deh', 'dripada', 'kelra', 'eman', 'meskipun', 'timnya', 'btr', 'dari', 'season', 'sebelumnya', 'kek', 'begitu', 'dia', 'tetep', 'stabil', 'performanya', 'ph', 'kenapa', 'biarin', 'eman', 'pergi', 'ke', 'btr', 'yah', 'padahal', 'masih', 'prime']",1,2026-06-14,0
@abiyoga208,2026-06-14 19:41:57+00:00,"Sebagai suporter onic..

Akhirnya ad juga yg bisa melampaui..🙏
Bukan fight yg mudah tpi anda2 menyajikan grand final yg berkualitas...
Salut buat kdeua tim

Congratulation buat BTR...

Next perjuangan masih berlanjut, harumkan nama bangsa bersma...☺️☺️

Indonesia bisa....",2,YouTube,sebagai suporter onic akhirnya ad juga yang bisa melampaui bukan fight yang mudah tpi anda menyajikan grand final yang berkualitas salut buat kdeua tim congratulation buat btr next perjuangan masih berlanjut harumkan nama bangsa bersma indonesia bisa,"['sebagai', 'suporter', 'onic', 'akhirnya', 'ad', 'juga', 'yang', 'bisa', 'melampaui', 'bukan', 'fight', 'yang', 'mudah', 'tpi', 'anda', 'menyajikan', 'grand', 'final', 'yang', 'berkualitas', 'salut', 'buat', 'kdeua', 'tim', 'congratulation', 'buat', 'btr', 'next', 'perjuangan', 'masih', 'berlanjut', 'harumkan', 'nama', 'bangsa', 'bersma', 'indonesia', 'bisa']",1,2026-06-14,0
@nyawxiao,2026-06-14 19:32:18+00:00,buset banget ini Nnael emang penjoki MPL njier,4,YouTube,buset banget ini nnael emang penjoki mpl njier,"['buset', 'banget', 'ini', 'nnael', 'emang', 'penjoki', 'mpl', 'njier']",0,2026-06-14,0
@MohamadRizal-j7z,2026-06-14 19:31:25+00:00,"Kan aq dah ckp BTR mesti champion , Salam dari Malaysia , btr Salah 1 team bakal mencabar di msc ..",0,YouTube,kan aq dah ckp btr mesti champion salam dari malaysia btr salah team bakal mencabar di msc,"['kan', 'aq', 'dah', 'ckp', 'btr', 'mesti', 'champion', 'salam', 'dari', 'malaysia', 'btr', 'salah', 'team', 'bakal', 'mencabar', 'di', 'msc']",1,2026-06-14,0
@ANTI_VIRUSSSSSSSS,2026-06-14 19:29:53+00:00,mau cari hewan yg ktnya kutukan play off BTR pulang dluan,1,YouTube,mau cari hewan yang ktnya kutukan play off btr pulang dluan,"['mau', 'cari', 'hewan', 'yang', 'ktnya', 'kutukan', 'play', 'off', 'btr', 'pulang', 'dluan']",1,2026-06-14,0
@AsepSanjo,2026-06-14 19:26:35+00:00,"Seneng BTR yg juara, biar player onic jgn trlalu jumawa. Sanz menolak jd pemain timnas, sok bgt. Makan tuh runner up.. Landak nyungseppppp😂😂",2,YouTube,seneng btr yang juara biar player onic jgn trlalu jumawa sanz menolak jadi pemain timnas sok banget makan tuh runner up landak nyungseppppp,"['seneng', 'btr', 'yang', 'juara', 'biar', 'player', 'onic', 'jgn', 'trlalu', 'jumawa', 'sanz', 'menolak', 'jadi', 'pemain', 'timnas', 'sok', 'banget', 'makan', 'tuh', 'runner', 'up', 'landak', 'nyungseppppp']",1,2026-06-14,0
@sultanprawiro3069,2026-06-14 19:26:32+00:00,"Gw bukan fans btr, tapi gw nangis. Mungkin karena gw udah familiar sama playernya dan perjuangannya kali ya? Kayak nnael, eman, moreno sama si hertod",1,YouTube,saya bukan fans btr tapi saya nangis mungkin karena saya sudah familiar sama playernya dan perjuangannya kali ya kayak nnael eman moreno sama si hertod,"['saya', 'bukan', 'fans', 'btr', 'tapi', 'saya', 'nangis', 'mungkin', 'karena', 'saya', 'sudah', 'familiar', 'sama', 'playernya', 'dan', 'perjuangannya', 'kali', 'ya', 'kayak', 'nnael', 'eman', 'moreno', 'sama', 'si', 'hertod']",1,2026-06-14,0
@FikriMubarak-b8n,2026-06-14 19:17:16+00:00,Yakin ewc milik indo pride ❤❤,0,YouTube,yakin ewc milik indo pride,"['yakin', 'ewc', 'milik', 'indo', 'pride']",0,2026-06-14,5
@FikriMubarak-b8n,2026-06-14 19:16:12+00:00,"Kali ini , moreno lebih baik dari pada sans 😂😂",0,YouTube,kali ini moreno lebih baik dari pada sans,"['kali', 'ini', 'moreno', 'lebih', 'baik', 'dari', 'pada', 'sans']",1,2026-06-14,0
@El-Farhanie.,2026-06-14 19:15:11+00:00,LETS GO TEAM VITALITY,0,YouTube,lets go team vitality,"['lets', 'go', 'team', 'vitality']",0,2026-06-14,0
@ronin1rn,2026-06-14 19:03:04+00:00,Wkwkk di bantai 😂😂😂😂😂,0,YouTube,wkwkk di bantai,"['wkwkk', 'di', 'bantai']",1,2026-06-14,0
@rahulsijabat2575,2026-06-14 19:02:30+00:00,"DRAFTING PHASE 1:45:23
GAME 1 1:55:01

next ada yang mau lanjut...",0,YouTube,drafting phase game next ada yang mau lanjut,"['drafting', 'phase', 'game', 'next', 'ada', 'yang', 'mau', 'lanjut']",1,2026-06-14,0
@OgiRobiansyah-n9f,2026-06-14 18:52:00+00:00,"Tapi emng season ini BTR mode play off kompak bgt sumpah. 
Congrats 🎉🎉",0,YouTube,tapi emng season ini btr mode play off kompak banget sumpah congrats,"['tapi', 'emng', 'season', 'ini', 'btr', 'mode', 'play', 'off', 'kompak', 'banget', 'sumpah', 'congrats']",0,2026-06-14,0
@ErikAnggara-rb8ur,2026-06-14 18:46:55+00:00,Ok,0,YouTube,ok,['ok'],0,2026-06-14,0
@Yihaaasikak,2026-06-14 18:44:46+00:00,Akhirnya eman angkat piala mpl id,0,YouTube,akhirnya eman angkat piala mpl id,"['akhirnya', 'eman', 'angkat', 'piala', 'mpl', 'id']",0,2026-06-14,0
@muhamadrijwan1792,2026-06-14 18:39:32+00:00,Kb benar sekor ya 4 1,1,YouTube,kb benar sekor ya,"['kb', 'benar', 'sekor', 'ya']",0,2026-06-14,0
@nitanita-j9x,2026-06-14 18:31:33+00:00,Awal kehancuran onic😅,0,YouTube,awal kehancuran onic,"['awal', 'kehancuran', 'onic']",1,2026-06-14,0
@ErwinPirmansah-r8l,2026-06-14 18:30:52+00:00,"Dan smoga di ewc nanti tidak slalu mengadalkan strategi 4 atau 3 hero cc, jgn sama kan mpl indo sama internasional🙏",0,YouTube,dan smoga di ewc nanti tidak slalu mengadalkan strategi atau hero cc jgn sama kan mpl indo sama internasional,"['dan', 'smoga', 'di', 'ewc', 'nanti', 'tidak', 'slalu', 'mengadalkan', 'strategi', 'atau', 'hero', 'cc', 'jgn', 'sama', 'kan', 'mpl', 'indo', 'sama', 'internasional']",1,2026-06-14,0
@SulhanLanceng,2026-06-14 18:29:45+00:00,Setingan,0,YouTube,setingan,['setingan'],0,2026-06-14,0
@MasJunaidi-e1o,2026-06-14 18:29:39+00:00,jsss,0,YouTube,jsss,['jsss'],0,2026-06-14,0
@SulhanLanceng,2026-06-14 18:23:01+00:00,Onic gak seperti sebelumnya,0,YouTube,onic tidak seperti sebelumnya,"['onic', 'tidak', 'seperti', 'sebelumnya']",1,2026-06-14,0
@PutriDangu,2026-06-14 18:21:19+00:00,Alhamdulillah onic kalah,0,YouTube,alhamdulillah onic kalah,"['alhamdulillah', 'onic', 'kalah']",0,2026-06-14,0
@Yuuka_id,2026-06-14 18:17:04+00:00,"Knapa ya, tim indo setiap Mpl ganjil, ada aja 1 tim yang prime nya kuat bat ya, semoga BTR bisa perform terus sampe EWC",1,YouTube,knapa ya tim indo setiap mpl ganjil ada aja tim yang prime nya kuat bat ya semoga btr bisa perform terus sampe ewc,"['knapa', 'ya', 'tim', 'indo', 'setiap', 'mpl', 'ganjil', 'ada', 'aja', 'tim', 'yang', 'prime', 'nya', 'kuat', 'bat', 'ya', 'semoga', 'btr', 'bisa', 'perform', 'terus', 'sampe', 'ewc']",1,2026-06-14,0
@igustiputubudha8715,2026-06-14 18:13:58+00:00,Sanz gak bacot lagi haha,1,YouTube,sanz tidak bacot lagi haha,"['sanz', 'tidak', 'bacot', 'lagi', 'haha']",1,2026-06-14,0
@RezquHz,2026-06-14 18:12:00+00:00,respek btr,0,YouTube,respek btr,"['respek', 'btr']",0,2026-06-14,0
@Moch_Akbar46,2026-06-14 18:10:16+00:00,Gara gara gk ada Skylar🗿,1,YouTube,gara gara tidak ada skylar,"['gara', 'gara', 'tidak', 'ada', 'skylar']",1,2026-06-14,0
@dootzy9643,2026-06-14 18:10:11+00:00,Btr juara karena rrq wkwkwk😅,1,YouTube,btr juara karena rrq wkwkwk,"['btr', 'juara', 'karena', 'rrq', 'wkwkwk']",0,2026-06-14,0
@IndahLestari-zs4wh,2026-06-14 18:09:36+00:00,"gw fans onic terharu liaht kalian bertaun"" Mennanti moment sperti in 🎉",1,YouTube,saya fans onic terharu liaht kalian bertaun mennanti moment sperti in,"['saya', 'fans', 'onic', 'terharu', 'liaht', 'kalian', 'bertaun', 'mennanti', 'moment', 'sperti', 'in']",0,2026-06-14,0
@Rian-xt1oj,2026-06-14 18:07:58+00:00,1 mpl indo senang bukan landak lagi yg juara😂,2,YouTube,mpl indo senang bukan landak lagi yang juara,"['mpl', 'indo', 'senang', 'bukan', 'landak', 'lagi', 'yang', 'juara']",1,2026-06-14,5
@bangsakip7888,2026-06-14 18:03:43+00:00,3:59:13,0,YouTube,,[],0,2026-06-14,1
@Easy.Headshot,2026-06-14 18:00:48+00:00,Walau gw Sonic tapi GG banget btr,0,YouTube,walau saya sonic tapi gg banget btr,"['walau', 'saya', 'sonic', 'tapi', 'gg', 'banget', 'btr']",1,2026-06-14,7
@Dwiichaputri,2026-06-14 18:00:06+00:00,Keren akhirnya BTR MENGUKIR SEJARAH,0,YouTube,keren akhirnya btr mengukir sejarah,"['keren', 'akhirnya', 'btr', 'mengukir', 'sejarah']",0,2026-06-14,0
@pandhelhulk,2026-06-14 17:58:58+00:00,ok,0,YouTube,ok,['ok'],0,2026-06-14,0
@bangsakip7888,2026-06-14 17:58:44+00:00,3:03:50,0,YouTube,,[],0,2026-06-14,1
@CheeseBurgergaming88,2026-06-14 17:54:11+00:00,"keren ni btr maenya, chemistry nya mantep bgt. 
tau mereka cara jatohin carry onic khususnya sanz. 
di game ini jga chemistry sanz sama kelra lumayan di bikin ancur sama scorpio, finn di eksekusi sama morenoo, keren ini btr semoga bsa bawa piala ewc atau m series nnti. 
congrats",0,YouTube,keren ni btr maenya chemistry nya mantep banget tau mereka cara jatohin carry onic khususnya sanz di game ini jga chemistry sanz sama kelra lumayan di bikin ancur sama scorpio finn di eksekusi sama morenoo keren ini btr semoga bsa bawa piala ewc atau m series nnti congrats,"['keren', 'ni', 'btr', 'maenya', 'chemistry', 'nya', 'mantep', 'banget', 'tau', 'mereka', 'cara', 'jatohin', 'carry', 'onic', 'khususnya', 'sanz', 'di', 'game', 'ini', 'jga', 'chemistry', 'sanz', 'sama', 'kelra', 'lumayan', 'di', 'bikin', 'ancur', 'sama', 'scorpio', 'finn', 'di', 'eksekusi', 'sama', 'morenoo', 'keren', 'ini', 'btr', 'semoga', 'bsa', 'bawa', 'piala', 'ewc', 'atau', 'm', 'series', 'nnti', 'congrats']",0,2026-06-14,0
@YusufHidayatullah-l8r,2026-06-14 17:52:49+00:00,BTR main tabrak sih gila,1,YouTube,btr main tabrak sih gila,"['btr', 'main', 'tabrak', 'sih', 'gila']",1,2026-06-14,0
@sonrivanata7914,2026-06-14 17:52:04+00:00,Btr juara ikut bahagia,0,YouTube,btr juara ikut bahagia,"['btr', 'juara', 'ikut', 'bahagia']",1,2026-06-14,0
@Faushii,2026-06-14 17:51:09+00:00,Prince Skylar > Gold standar motor kegendong kingkong,3,YouTube,prince skylar gold standar motor kegendong kingkong,"['prince', 'skylar', 'gold', 'standar', 'motor', 'kegendong', 'kingkong']",1,2026-06-14,0
@aaavar,2026-06-14 17:50:57+00:00,"Skylerr dalam hati
Makan tu goldline standar dari vh😂",1,YouTube,skylerr dalam hati makan tu goldline standar dari vh,"['skylerr', 'dalam', 'hati', 'makan', 'tu', 'goldline', 'standar', 'dari', 'vh']",1,2026-06-14,0
@B.u.muhamad,2026-06-14 17:47:20+00:00,"Congrats BTR, gua Sonic bangga sama BTR",1,YouTube,congrats btr gua sonic bangga sama btr,"['congrats', 'btr', 'gua', 'sonic', 'bangga', 'sama', 'btr']",0,2026-06-14,7
@ivan.f.saragih,2026-06-14 17:44:55+00:00,Msc lempem 😂,0,YouTube,msc lempem,"['msc', 'lempem']",0,2026-06-14,0
@t.e.j.channel4300,2026-06-14 17:42:39+00:00,Onic cuma bosen aja juara. Mkannya kasih aja buat btr. Permainan Onic yg sbnrnya gk kek gtu jirr,0,YouTube,onic cuma bosen aja juara mkannya kasih aja buat btr permainan onic yang sbnrnya tidak kek gtu jirr,"['onic', 'cuma', 'bosen', 'aja', 'juara', 'mkannya', 'kasih', 'aja', 'buat', 'btr', 'permainan', 'onic', 'yang', 'sbnrnya', 'tidak', 'kek', 'gtu', 'jirr']",1,2026-06-14,0
@YusufHidayatullah-l8r,2026-06-14 17:41:08+00:00,Akhirnya BTR juara.. udah sekian lama,0,YouTube,akhirnya btr juara sudah sekian lama,"['akhirnya', 'btr', 'juara', 'sudah', 'sekian', 'lama']",1,2026-06-14,-1
@ciusang9223,2026-06-14 17:41:04+00:00,Tebakan ku 4-1 bener btr win,0,YouTube,tebakan ku bener btr win,"['tebakan', 'ku', 'bener', 'btr', 'win']",1,2026-06-14,0
@hermawanmpm6841,2026-06-14 17:39:50+00:00,Jago banget si shogun125,0,YouTube,jago banget si shogun,"['jago', 'banget', 'si', 'shogun']",0,2026-06-14,0
@FUFUFAFA-o1-q1k,2026-06-14 17:38:29+00:00,trnyata selama ini onic digendong queen awwah,0,YouTube,trnyata selama ini onic digendong queen awwah,"['trnyata', 'selama', 'ini', 'onic', 'digendong', 'queen', 'awwah']",0,2026-06-14,0
@BoyRafli-o6v,2026-06-14 17:38:09+00:00,Nooooooooo oni kalah,0,YouTube,nooooooooo oni kalah,"['nooooooooo', 'oni', 'kalah']",1,2026-06-14,0
@inthodange3580,2026-06-14 17:37:54+00:00,Songong si Onic lantai MPL DI JADIKAN TAMAN BERMAIN FIX KUTUKAN 😂😂😂,0,YouTube,songong si onic lantai mpl di jadikan taman bermain fix kutukan,"['songong', 'si', 'onic', 'lantai', 'mpl', 'di', 'jadikan', 'taman', 'bermain', 'fix', 'kutukan']",0,2026-06-14,0
@kitamember4381,2026-06-14 17:35:54+00:00,Onic sombong amat.. kiboy recall2 sombong mampos lu😆😆,0,YouTube,onic sombong amat kiboy recall sombong mampos kamu,"['onic', 'sombong', 'amat', 'kiboy', 'recall', 'sombong', 'mampos', 'kamu']",1,2026-06-14,0
@KeisyaAzhar,2026-06-14 17:34:37+00:00,Menyala  btr🔥🔥🔥🔥🔥,0,YouTube,menyala btr,"['menyala', 'btr']",1,2026-06-14,0
@Mattinggal986,2026-06-14 17:31:18+00:00,Karena Sonic bosan juara muluk jadi biar seru mpl gantian juara,1,YouTube,karena sonic bosan juara muluk jadi biar seru mpl gantian juara,"['karena', 'sonic', 'bosan', 'juara', 'muluk', 'jadi', 'biar', 'seru', 'mpl', 'gantian', 'juara']",1,2026-06-14,-1
@zeromoz6285,2026-06-14 17:30:44+00:00,Itu shotgun jantungnya 140 terus wkwkwk,0,YouTube,itu shotgun jantungnya terus wkwkwk,"['itu', 'shotgun', 'jantungnya', 'terus', 'wkwkwk']",0,2026-06-14,0
@rian9612,2026-06-14 17:27:49+00:00,3:01:28 Mantap BTR,0,YouTube,mantap btr,"['mantap', 'btr']",0,2026-06-14,0
@iass_aje,2026-06-14 17:27:11+00:00,Akhirnya ada yang bisa ngalahin onic,1,YouTube,akhirnya ada yang bisa ngalahin onic,"['akhirnya', 'ada', 'yang', 'bisa', 'ngalahin', 'onic']",1,2026-06-14,0
@wakcunaly1000,2026-06-14 17:27:07+00:00,3:02:59,0,YouTube,,[],0,2026-06-14,1
@Mahardiiika,2026-06-14 17:24:35+00:00,"Akhirnya yutuber kecil itu juara "" oii tod""😂😂",0,YouTube,akhirnya yutuber kecil itu juara oii tod,"['akhirnya', 'yutuber', 'kecil', 'itu', 'juara', 'oii', 'tod']",1,2026-06-14,0
@tafstory,2026-06-14 17:24:11+00:00,Kelas jir Btr congrats,0,YouTube,kelas jir btr congrats,"['kelas', 'jir', 'btr', 'congrats']",1,2026-06-14,2
@KaitoAld,2026-06-14 17:22:07+00:00,Mengukir sejarah btr  jago mpl juara 1 mdl juara satu  mantap  bau cuan cair kerja keras membuahkan hasil i like btr  👍👍👍👍👍👍👍,0,YouTube,mengukir sejarah btr jago mpl juara mdl juara satu mantap bau cuan cair kerja keras membuahkan hasil i like btr,"['mengukir', 'sejarah', 'btr', 'jago', 'mpl', 'juara', 'mdl', 'juara', 'satu', 'mantap', 'bau', 'cuan', 'cair', 'kerja', 'keras', 'membuahkan', 'hasil', 'i', 'like', 'btr']",0,2026-06-14,0
@CahyaGumilar-ku6of,2026-06-14 17:17:46+00:00,ONIC udah bosen juara mulu,0,YouTube,onic sudah bosen juara mulu,"['onic', 'sudah', 'bosen', 'juara', 'mulu']",1,2026-06-14,0
@JuriaJumadi,2026-06-14 17:16:43+00:00,Giveaway 😅,0,YouTube,giveaway,['giveaway'],0,2026-06-14,0
@enakjosua9908,2026-06-14 17:15:56+00:00,gila BTR turunkan tahta raja 🥶 main BTR kayak gak ada beban jir lawan tim peringkat atas ☠️,0,YouTube,gila btr turunkan tahta raja main btr kayak tidak ada beban jir lawan tim peringkat atas,"['gila', 'btr', 'turunkan', 'tahta', 'raja', 'main', 'btr', 'kayak', 'tidak', 'ada', 'beban', 'jir', 'lawan', 'tim', 'peringkat', 'atas']",1,2026-06-14,0
@muhammadhusenhusen4363,2026-06-14 17:15:16+00:00,"gw Sonic dan gua sepakat bgt kalau BTR juara, jujur bosen kalau seandainya liat onic terus yang menang karena perform mereka benar-benar best, congrats buat BTR 🎉",0,YouTube,saya sonic dan gua sepakat banget kalau btr juara jujur bosen kalau seandainya liat onic terus yang menang karena perform mereka benar benar best congrats buat btr,"['saya', 'sonic', 'dan', 'gua', 'sepakat', 'banget', 'kalau', 'btr', 'juara', 'jujur', 'bosen', 'kalau', 'seandainya', 'liat', 'onic', 'terus', 'yang', 'menang', 'karena', 'perform', 'mereka', 'benar', 'benar', 'best', 'congrats', 'buat', 'btr']",1,2026-06-14,0
@SkibidiSigma500mewing,2026-06-14 17:14:54+00:00,"Gw yakin hertod bakal upload video abis ini  judulnya ""Tutor Mengalahkan Onic di Grand Final MPL""",1,YouTube,saya yakin hertod bakal upload video abis ini judulnya tutor mengalahkan onic di grand final mpl,"['saya', 'yakin', 'hertod', 'bakal', 'upload', 'video', 'abis', 'ini', 'judulnya', 'tutor', 'mengalahkan', 'onic', 'di', 'grand', 'final', 'mpl']",1,2026-06-14,-1
@LuriAja,2026-06-14 17:14:13+00:00,mending skylar bawa onic juara 😂😂😂😂😂,0,YouTube,mending skylar bawa onic juara,"['mending', 'skylar', 'bawa', 'onic', 'juara']",1,2026-06-14,0
@ActionsMinds,2026-06-14 17:12:22+00:00,KELRA LAWAK 😂,0,YouTube,kelra lawak,"['kelra', 'lawak']",0,2026-06-14,0
@NurMila-p9p,2026-06-14 17:11:55+00:00,RRQ DARKSISTEM BOT🤣🫵🏻,0,YouTube,rrq darksistem bot,"['rrq', 'darksistem', 'bot']",1,2026-06-14,4
@W.Priyambodo,2026-06-14 17:07:51+00:00,Gimana sonic yg hujat skylar 😂,0,YouTube,gimana sonic yang hujat skylar,"['gimana', 'sonic', 'yang', 'hujat', 'skylar']",1,2026-06-14,7
@pakefaril,2026-06-14 17:06:19+00:00,Kelra out mode GK BS gendong,0,YouTube,kelra out mode tidak bs gendong,"['kelra', 'out', 'mode', 'tidak', 'bs', 'gendong']",1,2026-06-14,0
@noblesseytz4498,2026-06-14 17:04:31+00:00,Onic bot cok di hadapan BTR gila gg cok,0,YouTube,onic bot cok di hadapan btr gila gg cok,"['onic', 'bot', 'cok', 'di', 'hadapan', 'btr', 'gila', 'gg', 'cok']",1,2026-06-14,0
@allee1423,2026-06-14 17:04:26+00:00,Onic kalah kyak bahagia 😂,0,YouTube,onic kalah kyak bahagia,"['onic', 'kalah', 'kyak', 'bahagia']",1,2026-06-14,0
@RefaKaruniaputri,2026-06-14 17:04:23+00:00,Telur,0,YouTube,telur,['telur'],0,2026-06-14,0
@yayanfauzan-u1y,2026-06-14 17:01:43+00:00,giliran kita dukung 2 tim ini di paris ❤ 💛,1,YouTube,giliran kita dukung tim ini di paris,"['giliran', 'kita', 'dukung', 'tim', 'ini', 'di', 'paris']",0,2026-06-14,0
@fhmiihykal,2026-06-14 16:57:09+00:00,okok,0,YouTube,okok,['okok'],0,2026-06-14,0
@rediherdiana9208,2026-06-14 16:56:36+00:00,KEREN KELRA BISA BAWA ONIC JUARA 2 MPL ID 😂,1,YouTube,keren kelra bisa bawa onic juara mpl id,"['keren', 'kelra', 'bisa', 'bawa', 'onic', 'juara', 'mpl', 'id']",1,2026-06-14,0
@AmeliaMuhfit,2026-06-14 16:55:36+00:00,LET'S GO ROBOT MERAH,0,YouTube,let s go robot merah,"['let', 's', 'go', 'robot', 'merah']",1,2026-06-14,4
@allee1423,2026-06-14 16:53:31+00:00,"Perasaan cara main onic gk gitu, disengaja kah 😂",0,YouTube,perasaan cara main onic tidak gitu disengaja kah,"['perasaan', 'cara', 'main', 'onic', 'tidak', 'gitu', 'disengaja', 'kah']",1,2026-06-14,0
@rangkuti2824,2026-06-14 16:52:43+00:00,Makan tuh raja langit😂,0,YouTube,makan tuh raja langit,"['makan', 'tuh', 'raja', 'langit']",1,2026-06-14,-1
@ikapambayun3698,2026-06-14 16:51:59+00:00,"Tadi nonton udah 3 - 0, lahh kurang 1 lagi nihh mau nonton live ehhh jadi 3 - 1 ya udah ditinggal ngedrakor dulu aja, alhamdulillah menang Btr",1,YouTube,tadi nonton sudah lahh kurang lagi nihh mau nonton live ehhh jadi ya sudah ditinggal ngedrakor dulu aja alhamdulillah menang btr,"['tadi', 'nonton', 'sudah', 'lahh', 'kurang', 'lagi', 'nihh', 'mau', 'nonton', 'live', 'ehhh', 'jadi', 'ya', 'sudah', 'ditinggal', 'ngedrakor', 'dulu', 'aja', 'alhamdulillah', 'menang', 'btr']",1,2026-06-14,0
@najibdong,2026-06-14 16:49:27+00:00,"Berasa ngeliat gp TLPH jierrr komitnya gila, mekanik gila, disiplin juga dapet perfect banget gp BTR todayy🔥",0,YouTube,berasa ngeliat gp tlph jierrr komitnya gila mekanik gila disiplin juga dapet perfect banget gp btr todayy,"['berasa', 'ngeliat', 'gp', 'tlph', 'jierrr', 'komitnya', 'gila', 'mekanik', 'gila', 'disiplin', 'juga', 'dapet', 'perfect', 'banget', 'gp', 'btr', 'todayy']",0,2026-06-14,0
@ardhie_mild,2026-06-14 16:49:08+00:00,Sanz dan Keyra kaga bisa tidur 😂😂😂😂😂😂 terutama yeb... Masuk onic lagi disaat onic udh masuk playoffs.. Berharap dapat  koleksi cincin dadakan 😫😫😁🤣🤣🤣🤣.  Eh taunya zonm 😂😂😂,0,YouTube,sanz dan keyra kaga bisa tidur terutama yeb masuk onic lagi disaat onic sudah masuk playoffs berharap dapat koleksi cincin dadakan eh taunya zonm,"['sanz', 'dan', 'keyra', 'kaga', 'bisa', 'tidur', 'terutama', 'yeb', 'masuk', 'onic', 'lagi', 'disaat', 'onic', 'sudah', 'masuk', 'playoffs', 'berharap', 'dapat', 'koleksi', 'cincin', 'dadakan', 'eh', 'taunya', 'zonm']",1,2026-06-14,0
@RomeBent,2026-06-14 16:47:53+00:00,Geloooo hertoddddd,0,YouTube,geloooo hertoddddd,"['geloooo', 'hertoddddd']",0,2026-06-14,0
@rian9612,2026-06-14 16:46:22+00:00,Makasih BTR 🎉🎉🎉,0,YouTube,makasih btr,"['makasih', 'btr']",0,2026-06-14,2
@Doriiels,2026-06-14 16:46:09+00:00,"Akhirnya BTR menang,kita ga dapet apa apa cuman nonton horey",0,YouTube,akhirnya btr menang kita tidak dapet apa apa cuman nonton horey,"['akhirnya', 'btr', 'menang', 'kita', 'tidak', 'dapet', 'apa', 'apa', 'cuman', 'nonton', 'horey']",1,2026-06-14,0
@lagupendekenak,2026-06-14 16:45:37+00:00,"Kirain bakal ada sesi panelis ngomong terus ranger emas ngomong biiiiiigetron, akan mengukir sejarahhhhj",0,YouTube,kirain bakal ada sesi panelis ngomong terus ranger emas ngomong biiiiiigetron akan mengukir sejarahhhhj,"['kirain', 'bakal', 'ada', 'sesi', 'panelis', 'ngomong', 'terus', 'ranger', 'emas', 'ngomong', 'biiiiiigetron', 'akan', 'mengukir', 'sejarahhhhj']",1,2026-06-14,0
@Nurhayatiijlal,2026-06-14 16:45:23+00:00,Hertod effect kah?? ni btr jadi kuat jirr,0,YouTube,hertod effect kah ni btr jadi kuat jirr,"['hertod', 'effect', 'kah', 'ni', 'btr', 'jadi', 'kuat', 'jirr']",1,2026-06-14,6
@aswarabbas3628,2026-06-14 16:43:25+00:00,Wkwkwk mm standart GK juara,0,YouTube,wkwkwk mm standart tidak juara,"['wkwkwk', 'mm', 'standart', 'tidak', 'juara']",0,2026-06-14,0
@ariiharianto1747,2026-06-14 16:42:02+00:00,Kyy keluar btr malah berkembang 🫣🤣😁👍,0,YouTube,kyy keluar btr malah berkembang,"['kyy', 'keluar', 'btr', 'malah', 'berkembang']",1,2026-06-14,0
@TLPH-D-KayyyTzy,2026-06-14 16:39:31+00:00,"Congrats🎉🎊
Itu di upper hampir btr 2-0 onic gegabah jir harith kelra dipastikan dievaluasi. 
Begini masuk final dari lower susah payah sekalian juara kata moreno🤫🥳😘",0,YouTube,congrats itu di upper hampir btr onic gegabah jir harith kelra dipastikan dievaluasi begini masuk final dari lower susah payah sekalian juara kata moreno,"['congrats', 'itu', 'di', 'upper', 'hampir', 'btr', 'onic', 'gegabah', 'jir', 'harith', 'kelra', 'dipastikan', 'dievaluasi', 'begini', 'masuk', 'final', 'dari', 'lower', 'susah', 'payah', 'sekalian', 'juara', 'kata', 'moreno']",1,2026-06-14,0
@qoikdimitry8273,2026-06-14 16:38:37+00:00,Sukur dah gg btr . Ga ada dominasi mpl id di onic teruss,0,YouTube,sukur dah gg btr tidak ada dominasi mpl id di onic teruss,"['sukur', 'dah', 'gg', 'btr', 'tidak', 'ada', 'dominasi', 'mpl', 'id', 'di', 'onic', 'teruss']",1,2026-06-14,-1
@MuhammadRamdani-hd4ds,2026-06-14 16:38:33+00:00,Akhirnya onic merasakan yang AE rasakan😂,0,YouTube,akhirnya onic merasakan yang ae rasakan,"['akhirnya', 'onic', 'merasakan', 'yang', 'ae', 'rasakan']",1,2026-06-14,0
@user-gn7zj3dw9k,2026-06-14 16:37:41+00:00,"Oh, jadi ini standard baru goldlaner? spesialis juara dua",1,YouTube,oh jadi ini standard baru goldlaner spesialis juara dua,"['oh', 'jadi', 'ini', 'standard', 'baru', 'goldlaner', 'spesialis', 'juara', 'dua']",1,2026-06-14,0
@bogoiee,2026-06-14 16:34:58+00:00,Ibu Shogun cantik😊,0,YouTube,ibu shogun cantik,"['ibu', 'shogun', 'cantik']",1,2026-06-14,0
@Azziz_mk123,2026-06-14 16:34:33+00:00,"kalah tapi ketawa ketawa, menarikk hmmmm😂",2,YouTube,kalah tapi ketawa ketawa menarikk hmmmm,"['kalah', 'tapi', 'ketawa', 'ketawa', 'menarikk', 'hmmmm']",0,2026-06-14,0
@akihitonyx6577,2026-06-14 16:31:37+00:00,Selamat BTR memecah kutukan play off dan liga tani onic walaupun ter seok² sebelum play off akhirnya berhasil juara,0,YouTube,selamat btr memecah kutukan play off dan liga tani onic walaupun ter seok² sebelum play off akhirnya berhasil juara,"['selamat', 'btr', 'memecah', 'kutukan', 'play', 'off', 'dan', 'liga', 'tani', 'onic', 'walaupun', 'ter', 'seok²', 'sebelum', 'play', 'off', 'akhirnya', 'berhasil', 'juara']",0,2026-06-14,0
@betowlalfarizi9960,2026-06-14 16:31:13+00:00,"5:26:22 meja piala warna kuning, MPL pun seyakin itu klau onic yg juara mknya meja di desain warna kuning biar sama ama warna Jersey onic, tp ternyata 😂😂😂",1,YouTube,meja piala warna kuning mpl pun seyakin itu klau onic yang juara mknya meja di desain warna kuning biar sama ama warna jersey onic tapi ternyata,"['meja', 'piala', 'warna', 'kuning', 'mpl', 'pun', 'seyakin', 'itu', 'klau', 'onic', 'yang', 'juara', 'mknya', 'meja', 'di', 'desain', 'warna', 'kuning', 'biar', 'sama', 'ama', 'warna', 'jersey', 'onic', 'tapi', 'ternyata']",1,2026-06-14,0
@ReskyAmaliah-g1m,2026-06-14 16:30:50+00:00,BTR meredam suara2 bising dari fans ONIC yg banyak bacot,0,YouTube,btr meredam suara bising dari fans onic yang banyak bacot,"['btr', 'meredam', 'suara', 'bising', 'dari', 'fans', 'onic', 'yang', 'banyak', 'bacot']",1,2026-06-14,9
@Taka-3-z5x,2026-06-14 16:30:02+00:00,5:21:41 eh btw itu kenapa nnael ga mau tos😂 lagi slek sama ko ed kah😂,0,YouTube,eh btw itu kenapa nnael tidak mau tos lagi slek sama ko ed kah,"['eh', 'btw', 'itu', 'kenapa', 'nnael', 'tidak', 'mau', 'tos', 'lagi', 'slek', 'sama', 'ko', 'ed', 'kah']",1,2026-06-14,0
@YOGA-zd7tl,2026-06-14 16:29:12+00:00,Yah ga jadi pake cincin banyak lagi deh wkkw,0,YouTube,yah tidak jadi pake cincin banyak lagi deh wkkw,"['yah', 'tidak', 'jadi', 'pake', 'cincin', 'banyak', 'lagi', 'deh', 'wkkw']",1,2026-06-14,0
@DeblengCok,2026-06-14 16:28:58+00:00,Mampos onic roda Lo di bawah,0,YouTube,mampos onic roda kamu di bawah,"['mampos', 'onic', 'roda', 'kamu', 'di', 'bawah']",1,2026-06-14,0
@andhikajuniar6880,2026-06-14 16:27:52+00:00,MPL ID udah bukan liga tani guysss,0,YouTube,mpl id sudah bukan liga tani guysss,"['mpl', 'id', 'sudah', 'bukan', 'liga', 'tani', 'guysss']",1,2026-06-14,0
@Taka-3-z5x,2026-06-14 16:26:59+00:00,"Dukung dari jaman exp rippo + kyy dkk, puncak nya pas s7 masuk final cuma kehalang evos,tapi anjirrr sumpah ga nyangka sekarang bisa juara angkat piala❤",0,YouTube,dukung dari jaman exp rippo kyy dkk puncak nya pas s masuk final cuma kehalang evos tapi anjirrr sumpah tidak nyangka sekarang bisa juara angkat piala,"['dukung', 'dari', 'jaman', 'exp', 'rippo', 'kyy', 'dkk', 'puncak', 'nya', 'pas', 's', 'masuk', 'final', 'cuma', 'kehalang', 'evos', 'tapi', 'anjirrr', 'sumpah', 'tidak', 'nyangka', 'sekarang', 'bisa', 'juara', 'angkat', 'piala']",1,2026-06-14,0
@andhikajuniar6880,2026-06-14 16:26:22+00:00,Ko ed udah ga bakal ngomong game ini ga pernah menang juga lagi wkwkw,0,YouTube,ko ed sudah tidak bakal ngomong game ini tidak pernah menang juga lagi wkwkw,"['ko', 'ed', 'sudah', 'tidak', 'bakal', 'ngomong', 'game', 'ini', 'tidak', 'pernah', 'menang', 'juga', 'lagi', 'wkwkw']",1,2026-06-14,0
@andhikajuniar6880,2026-06-14 16:25:45+00:00,Gila BTR semua divisi game nya masuk EWC  semua dan juara lagi,2,YouTube,gila btr semua divisi game nya masuk ewc semua dan juara lagi,"['gila', 'btr', 'semua', 'divisi', 'game', 'nya', 'masuk', 'ewc', 'semua', 'dan', 'juara', 'lagi']",1,2026-06-14,0
@BoyHandoko-t8o,2026-06-14 16:23:44+00:00,Walau gua sonic kehadiran hertod bawa impact jir bagi btr🗿 GG BTR NT ONIC CONGRATS BTR JUARA MPL ID S17 SALAM SONIC💛,0,YouTube,walau gua sonic kehadiran hertod bawa impact jir bagi btr gg btr nt onic congrats btr juara mpl id s salam sonic,"['walau', 'gua', 'sonic', 'kehadiran', 'hertod', 'bawa', 'impact', 'jir', 'bagi', 'btr', 'gg', 'btr', 'nt', 'onic', 'congrats', 'btr', 'juara', 'mpl', 'id', 's', 'salam', 'sonic']",1,2026-06-14,7
@jeksos3418,2026-06-14 16:22:57+00:00,Yes onic akhirnya klh untuk mematahkan kesombongan sans🫤🫣,0,YouTube,yes onic akhirnya klh untuk mematahkan kesombongan sans,"['yes', 'onic', 'akhirnya', 'klh', 'untuk', 'mematahkan', 'kesombongan', 'sans']",0,2026-06-14,0
@sikidappawpaw,2026-06-14 16:20:19+00:00,"Pubgm, MDL, MPL borong lah btr",0,YouTube,pubgm mdl mpl borong lah btr,"['pubgm', 'mdl', 'mpl', 'borong', 'lah', 'btr']",1,2026-06-14,0
@fadlimh9738,2026-06-14 16:17:41+00:00,Tumben kutukan playoffs nggak berlaku 🗿,0,YouTube,tumben kutukan playoffs nggak berlaku,"['tumben', 'kutukan', 'playoffs', 'nggak', 'berlaku']",1,2026-06-14,0
@Menn.55,2026-06-14 16:17:36+00:00,Ada pelajaran sejarah kah hari ini ???,0,YouTube,ada pelajaran sejarah kah hari ini,"['ada', 'pelajaran', 'sejarah', 'kah', 'hari', 'ini']",0,2026-06-14,0
@kevinanggara5761,2026-06-14 16:16:48+00:00,kerla cuman bisa claude?,0,YouTube,kerla cuman bisa claude,"['kerla', 'cuman', 'bisa', 'claude']",0,2026-06-14,0
@GgumaTzy,2026-06-14 16:16:36+00:00,Pulung onic holic wkwk,0,YouTube,pulung onic holic wkwk,"['pulung', 'onic', 'holic', 'wkwk']",0,2026-06-14,0
@ikkaSulistyana,2026-06-14 16:16:29+00:00,PAK AP..MPL UDAAH SELESAI..AYOK PAK AP..BOORONG SEMUA PLAYER BTR PAK AP....😂😂😂😂😂,0,YouTube,pak ap mpl udaah selesai ayok pak ap boorong semua player btr pak ap,"['pak', 'ap', 'mpl', 'udaah', 'selesai', 'ayok', 'pak', 'ap', 'boorong', 'semua', 'player', 'btr', 'pak', 'ap']",1,2026-06-14,0
@RullStayHere,2026-06-14 16:16:09+00:00,selamat buat btr dan nt buat onic salam dari kingdom🎉🎉,1,YouTube,selamat buat btr dan nt buat onic salam dari kingdom,"['selamat', 'buat', 'btr', 'dan', 'nt', 'buat', 'onic', 'salam', 'dari', 'kingdom']",0,2026-06-14,-1
@reviciiixml,2026-06-14 16:15:42+00:00,HEII BTR MENYELAMATKAN KEBISINGAN HARI INI WKWKW,1,YouTube,heii btr menyelamatkan kebisingan hari ini wkwkw,"['heii', 'btr', 'menyelamatkan', 'kebisingan', 'hari', 'ini', 'wkwkw']",0,2026-06-14,9
@DecadeID,2026-06-14 16:13:55+00:00,Buff ny dri Oby ama hertod ini,0,YouTube,buff ny dri oby ama hertod ini,"['buff', 'ny', 'dri', 'oby', 'ama', 'hertod', 'ini']",0,2026-06-14,0
@AlipFirmansyah-m5l,2026-06-14 16:13:27+00:00,Main kok jimat,0,YouTube,main kok jimat,"['main', 'kok', 'jimat']",1,2026-06-14,0
@DecadeID,2026-06-14 16:13:21+00:00,Hertod effect,0,YouTube,hertod effect,"['hertod', 'effect']",0,2026-06-14,6
@DikaThecoolkid,2026-06-14 16:11:47+00:00,"akhirnya NNAEL punya pialah yang bener bener dia dapet dengan jerih payahnya sendiri GG BTR
Makasih onic dah berjuang malam ini wala 4-1 🫩🥹",0,YouTube,akhirnya nnael punya pialah yang bener bener dia dapet dengan jerih payahnya sendiri gg btr makasih onic dah berjuang malam ini wala,"['akhirnya', 'nnael', 'punya', 'pialah', 'yang', 'bener', 'bener', 'dia', 'dapet', 'dengan', 'jerih', 'payahnya', 'sendiri', 'gg', 'btr', 'makasih', 'onic', 'dah', 'berjuang', 'malam', 'ini', 'wala']",1,2026-06-14,0
@dannytobing4339,2026-06-14 16:10:56+00:00,Asal ga RRQ sih,0,YouTube,asal tidak rrq sih,"['asal', 'tidak', 'rrq', 'sih']",1,2026-06-14,0
@Chr1sna,2026-06-14 16:10:23+00:00,numpang nyimpen part ini 3:59:14 wkwkw,0,YouTube,numpang nyimpen part ini wkwkw,"['numpang', 'nyimpen', 'part', 'ini', 'wkwkw']",0,2026-06-14,0
@Ikaros-Type-A,2026-06-14 16:10:09+00:00,teori derwaman ke team yang di bawah is real,0,YouTube,teori derwaman ke team yang di bawah is real,"['teori', 'derwaman', 'ke', 'team', 'yang', 'di', 'bawah', 'is', 'real']",0,2026-06-14,0
@putrasitinjak5359,2026-06-14 16:10:02+00:00,Yeb kenak karma..mau namba cincin liga tani..abis tu ngilang...eeeh..ngk tau nya zonk😂😂😂,0,YouTube,yeb kenak karma mau namba cincin liga tani abis tu ngilang eeeh ngk tau nya zonk,"['yeb', 'kenak', 'karma', 'mau', 'namba', 'cincin', 'liga', 'tani', 'abis', 'tu', 'ngilang', 'eeeh', 'ngk', 'tau', 'nya', 'zonk']",1,2026-06-14,0
@ArisCandra-d1l,2026-06-14 16:09:59+00:00,"Efek gak ada adi?
Adi tolongin di☝",0,YouTube,efek tidak ada adi adi tolongin di,"['efek', 'tidak', 'ada', 'adi', 'adi', 'tolongin', 'di']",0,2026-06-14,0
@Sessajakidaeng,2026-06-14 16:09:58+00:00,"Nah gini Seru nih, Ganti Gantian Juara dan kali ini BTR yg juara, Dan Nice Try utk Onic.",1,YouTube,nah gini seru nih ganti gantian juara dan kali ini btr yang juara dan nice try utk onic,"['nah', 'gini', 'seru', 'nih', 'ganti', 'gantian', 'juara', 'dan', 'kali', 'ini', 'btr', 'yang', 'juara', 'dan', 'nice', 'try', 'utk', 'onic']",1,2026-06-14,0
@jealousfar,2026-06-14 16:09:27+00:00,moreno sumpah cok GG parah,1,YouTube,moreno sumpah cok gg parah,"['moreno', 'sumpah', 'cok', 'gg', 'parah']",1,2026-06-14,0
@asiselano9061,2026-06-14 16:08:59+00:00,Jangan biarkan jari coach yeh penuh😂😂,0,YouTube,jangan biarkan jari coach yeh penuh,"['jangan', 'biarkan', 'jari', 'coach', 'yeh', 'penuh']",1,2026-06-14,0
@dannytobing4339,2026-06-14 16:08:24+00:00,Dikasih biar ga bosan,0,YouTube,dikasih biar tidak bosan,"['dikasih', 'biar', 'tidak', 'bosan']",1,2026-06-14,0
@RidoSaputra-o3g,2026-06-14 16:06:25+00:00,Btr menyelamatkan dunia dari kebisingan,0,YouTube,btr menyelamatkan dunia dari kebisingan,"['btr', 'menyelamatkan', 'dunia', 'dari', 'kebisingan']",1,2026-06-14,9
@RifkyFebriansyah-i3c,2026-06-14 16:05:31+00:00,"Alhamdulillah,tim favorit saya juara 
Congrats BTR",1,YouTube,alhamdulillah tim favorit saya juara congrats btr,"['alhamdulillah', 'tim', 'favorit', 'saya', 'juara', 'congrats', 'btr']",0,2026-06-14,0
@rifkimotovlog4928,2026-06-14 16:05:30+00:00,Mana nih yang bilng skylar digantj kelra bakal bantai bantai? Wkwk kacau ganti exp bukan gold terus wkwk,0,YouTube,mana nih yang bilng skylar digantj kelra bakal bantai bantai wkwk kacau ganti exp bukan gold terus wkwk,"['mana', 'nih', 'yang', 'bilng', 'skylar', 'digantj', 'kelra', 'bakal', 'bantai', 'bantai', 'wkwk', 'kacau', 'ganti', 'exp', 'bukan', 'gold', 'terus', 'wkwk']",1,2026-06-14,0
@AndiMuhammadIsra-g5c,2026-06-14 16:05:27+00:00,"Oii morenooo gak usah terlalu sombong dpt cincin,
Sanz lihat tingkah lu bikin dia ketawa krna Sanz cincin dia brpa",0,YouTube,oii morenooo tidak usah terlalu sombong dpt cincin sanz lihat tingkah kamu bikin dia ketawa krna sanz cincin dia brpa,"['oii', 'morenooo', 'tidak', 'usah', 'terlalu', 'sombong', 'dpt', 'cincin', 'sanz', 'lihat', 'tingkah', 'kamu', 'bikin', 'dia', 'ketawa', 'krna', 'sanz', 'cincin', 'dia', 'brpa']",1,2026-06-14,0
@partner02Projects,2026-06-14 16:03:59+00:00,bujett ga ada adi kaga juara tuch,0,YouTube,bujett tidak ada adi kaga juara tuch,"['bujett', 'tidak', 'ada', 'adi', 'kaga', 'juara', 'tuch']",1,2026-06-14,0
@WinthihaNaing,2026-06-14 16:03:50+00:00,5:07:44 ❤,0,YouTube,,[],0,2026-06-14,1
@bremagunawan3438,2026-06-14 16:03:43+00:00,yang katanya kelinci percobaan anjir,0,YouTube,yang katanya kelinci percobaan anjir,"['yang', 'katanya', 'kelinci', 'percobaan', 'anjir']",1,2026-06-14,4
@Muhammadhanif-c6z,2026-06-14 16:03:15+00:00,Berat punggung kelra,0,YouTube,berat punggung kelra,"['berat', 'punggung', 'kelra']",0,2026-06-14,0
@adikiron7445,2026-06-14 16:02:56+00:00,"Congrats BTR
salam dari sonic",0,YouTube,congrats btr salam dari sonic,"['congrats', 'btr', 'salam', 'dari', 'sonic']",0,2026-06-14,7
@berakdikebon99,2026-06-14 16:02:10+00:00,Ler Tolongin Ler 😂,0,YouTube,ler tolongin ler,"['ler', 'tolongin', 'ler']",0,2026-06-14,0
@boncuchanell804,2026-06-14 16:01:49+00:00,KASIH AJA BUAT TIM LOKAL PIALA KINGFINIX kecuali RAJA GALAXY,0,YouTube,kasih aja buat tim lokal piala kingfinix kecuali raja galaxy,"['kasih', 'aja', 'buat', 'tim', 'lokal', 'piala', 'kingfinix', 'kecuali', 'raja', 'galaxy']",0,2026-06-14,0
@Panggilajakapten,2026-06-14 16:01:41+00:00,Gini lohh bukan onic yg juara trus²,0,YouTube,gini lohh bukan onic yang juara trus²,"['gini', 'lohh', 'bukan', 'onic', 'yang', 'juara', 'trus²']",1,2026-06-14,0
@usertankdansupport,2026-06-14 16:01:06+00:00,Onic sengaja kalah😂😂😂,0,YouTube,onic sengaja kalah,"['onic', 'sengaja', 'kalah']",1,2026-06-14,0
@boncuchanell804,2026-06-14 16:00:29+00:00,KINGFINIX BUKAN RAJA GALAXY BUAT APA ??,0,YouTube,kingfinix bukan raja galaxy buat apa,"['kingfinix', 'bukan', 'raja', 'galaxy', 'buat', 'apa']",1,2026-06-14,0
@Panggilajakapten,2026-06-14 16:00:20+00:00,Wau,1,YouTube,wau,['wau'],0,2026-06-14,0
@P1TOK,2026-06-14 15:59:21+00:00,onic sengaja kalah karna sponsor hadiah hpnya murah. coba kalo brandnya masih samsung pasti gabakal kalah,0,YouTube,onic sengaja kalah karna sponsor hadiah hpnya murah coba kalau brandnya masih samsung pasti gabakal kalah,"['onic', 'sengaja', 'kalah', 'karna', 'sponsor', 'hadiah', 'hpnya', 'murah', 'coba', 'kalau', 'brandnya', 'masih', 'samsung', 'pasti', 'gabakal', 'kalah']",1,2026-06-14,0
@boncuchanell804,2026-06-14 15:58:30+00:00,KINGFINIX bukan RAJA GALAXY,0,YouTube,kingfinix bukan raja galaxy,"['kingfinix', 'bukan', 'raja', 'galaxy']",1,2026-06-14,0
@ajitrisula2343,2026-06-14 15:58:19+00:00,Impian ko ed tercapai kerenn,0,YouTube,impian ko ed tercapai kerenn,"['impian', 'ko', 'ed', 'tercapai', 'kerenn']",0,2026-06-14,0
@akeongakeongakeong,2026-06-14 15:57:48+00:00,"setelah 10 season lalu terakhir mereka masuk final, kali ini masuk final ga mereka sia2in , dan lawannya pun onic yang lagi overpower, yg ga ada bisa nyentuh setelah berapa season.
grats BTR you all deserve",0,YouTube,setelah season lalu terakhir mereka masuk final kali ini masuk final tidak mereka sia in dan lawannya pun onic yang lagi overpower yang tidak ada bisa nyentuh setelah berapa season grats btr you all deserve,"['setelah', 'season', 'lalu', 'terakhir', 'mereka', 'masuk', 'final', 'kali', 'ini', 'masuk', 'final', 'tidak', 'mereka', 'sia', 'in', 'dan', 'lawannya', 'pun', 'onic', 'yang', 'lagi', 'overpower', 'yang', 'tidak', 'ada', 'bisa', 'nyentuh', 'setelah', 'berapa', 'season', 'grats', 'btr', 'you', 'all', 'deserve']",1,2026-06-14,0
@sribintangnuraeni4875,2026-06-14 15:57:02+00:00,"Permainan biasa kasian belum juara,, ko add mantapp",0,YouTube,permainan biasa kasian belum juara ko add mantapp,"['permainan', 'biasa', 'kasian', 'belum', 'juara', 'ko', 'add', 'mantapp']",1,2026-06-14,0
@NICEGANGSEJATI,2026-06-14 15:55:10+00:00,GW SEBAGAI PERWAKILAN RRQ MENYATAKAN BAHWA ONIC AYAM UDAH BAWAH 2 PH KOK KALAH LOL😂 RRQ>BTR>ONIC,7,YouTube,saya sebagai perwakilan rrq menyatakan bahwa onic ayam sudah bawah ph kok kalah lol rrq btr onic,"['saya', 'sebagai', 'perwakilan', 'rrq', 'menyatakan', 'bahwa', 'onic', 'ayam', 'sudah', 'bawah', 'ph', 'kok', 'kalah', 'lol', 'rrq', 'btr', 'onic']",1,2026-06-14,0
@muhamadguntur898,2026-06-14 15:54:58+00:00,"Akhirnya moreno nnael emann kalian melakukan nya,congrats BTR 🎉 salam dari rival STM😅",0,YouTube,akhirnya moreno nnael emann kalian melakukan nya congrats btr salam dari rival stm,"['akhirnya', 'moreno', 'nnael', 'emann', 'kalian', 'melakukan', 'nya', 'congrats', 'btr', 'salam', 'dari', 'rival', 'stm']",0,2026-06-14,-1
@sitiazifah6958,2026-06-14 15:54:35+00:00,😊😊😊😊,0,YouTube,,[],0,2026-06-14,1
@azka4330,2026-06-14 15:52:19+00:00,Congrats ya byr saya dari fans onic mengucapkan selamat atas kemenangan nya semoga onic dan btr jaya selalu🎉🎉🎉,0,YouTube,congrats ya byr saya dari fans onic mengucapkan selamat atas kemenangan nya semoga onic dan btr jaya selalu,"['congrats', 'ya', 'byr', 'saya', 'dari', 'fans', 'onic', 'mengucapkan', 'selamat', 'atas', 'kemenangan', 'nya', 'semoga', 'onic', 'dan', 'btr', 'jaya', 'selalu']",0,2026-06-14,0
@abdulmukid6870,2026-06-14 15:51:20+00:00,Yeb gajadi pamer cincin banyak lagii😂😂😂 pasti udah di bawa semua tuh😅,0,YouTube,yeb gajadi pamer cincin banyak lagii pasti sudah di bawa semua tuh,"['yeb', 'gajadi', 'pamer', 'cincin', 'banyak', 'lagii', 'pasti', 'sudah', 'di', 'bawa', 'semua', 'tuh']",1,2026-06-14,0
@ahya-f5k,2026-06-14 15:50:16+00:00,Pintar yg nyalahin nnael,0,YouTube,pintar yang nyalahin nnael,"['pintar', 'yang', 'nyalahin', 'nnael']",1,2026-06-14,0
@NendyJapan,2026-06-14 15:50:08+00:00,Untuk BTR Tolong bawa ROBBY si tuyul ke Paris 👏🏻😆😆😆,0,YouTube,untuk btr tolong bawa robby si tuyul ke paris,"['untuk', 'btr', 'tolong', 'bawa', 'robby', 'si', 'tuyul', 'ke', 'paris']",1,2026-06-14,0
@kelvindwi-mp9z,2026-06-14 15:49:29+00:00,Emang bener ya jimat btr adalah Robby,0,YouTube,emang bener ya jimat btr adalah robby,"['emang', 'bener', 'ya', 'jimat', 'btr', 'adalah', 'robby']",0,2026-06-14,0
@NendyJapan,2026-06-14 15:49:23+00:00,Bukan lagi kelinci percobaan tapi  Autobots move out 🤖,0,YouTube,bukan lagi kelinci percobaan tapi autobots move out,"['bukan', 'lagi', 'kelinci', 'percobaan', 'tapi', 'autobots', 'move', 'out']",1,2026-06-14,4
@Zepandon-n1l,2026-06-14 15:49:08+00:00,WR Roby 💯,0,YouTube,wr roby,"['wr', 'roby']",0,2026-06-14,0
@rebahan_kuy,2026-06-14 15:48:53+00:00,NAEL pasti puas banget itu...,0,YouTube,nael pasti puas banget itu,"['nael', 'pasti', 'puas', 'banget', 'itu']",0,2026-06-14,0
@pipaArarqiu09,2026-06-14 15:48:17+00:00,koh delwyn:when yaa,0,YouTube,koh delwyn when yaa,"['koh', 'delwyn', 'when', 'yaa']",0,2026-06-14,0
@panjurujul96,2026-06-14 15:48:01+00:00,Ponic,0,YouTube,ponic,['ponic'],0,2026-06-14,0
@zulhabi,2026-06-14 15:48:00+00:00,4:38:30 kelra marah kenapa? Ada yang tau?,0,YouTube,kelra marah kenapa ada yang tau,"['kelra', 'marah', 'kenapa', 'ada', 'yang', 'tau']",1,2026-06-14,0
@schecolipp,2026-06-14 15:46:55+00:00,"Selamat buat Bigetron by Vitality! butuh 17 musim agar Robot itu selesai dirakit dengan sempurna.

Bigetroopers, selamat merayakan momen ini!🙌🏻",0,YouTube,selamat buat bigetron by vitality butuh musim agar robot itu selesai dirakit dengan sempurna bigetroopers selamat merayakan momen ini,"['selamat', 'buat', 'bigetron', 'by', 'vitality', 'butuh', 'musim', 'agar', 'robot', 'itu', 'selesai', 'dirakit', 'dengan', 'sempurna', 'bigetroopers', 'selamat', 'merayakan', 'momen', 'ini']",1,2026-06-14,4
@BangPriekz,2026-06-14 15:46:50+00:00,Gila BTR 🎉,1,YouTube,gila btr,"['gila', 'btr']",1,2026-06-14,0
@ナタ17,2026-06-14 15:46:27+00:00,Akhirnya juara baruuu😭😭😭,0,YouTube,akhirnya juara baruuu,"['akhirnya', 'juara', 'baruuu']",0,2026-06-14,0
@hafsh9185,2026-06-14 15:46:26+00:00,BTR membuat penonton MPL ID suka karena bisa memecahkan WS ONIC dan gagal untuk menjadi Liga tani,6,YouTube,btr membuat penonton mpl id suka karena bisa memecahkan ws onic dan gagal untuk menjadi liga tani,"['btr', 'membuat', 'penonton', 'mpl', 'id', 'suka', 'karena', 'bisa', 'memecahkan', 'ws', 'onic', 'dan', 'gagal', 'untuk', 'menjadi', 'liga', 'tani']",1,2026-06-14,0
@ReyyYUUSHA,2026-06-14 15:46:14+00:00,"Gilaaak the real underdog coo btr

Terseok seok hampir ga lolos playoff, mecahin kutukan di playoff dan mecahin liga tani onic. Congrats btr emang pantes kalian dpet gelar mpl setelah sekian lamanya menunggu🎉",20,YouTube,gilaaak the real underdog coo btr terseok seok hampir tidak lolos playoff mecahin kutukan di playoff dan mecahin liga tani onic congrats btr emang pantes kalian dpet gelar mpl setelah sekian lamanya menunggu,"['gilaaak', 'the', 'real', 'underdog', 'coo', 'btr', 'terseok', 'seok', 'hampir', 'tidak', 'lolos', 'playoff', 'mecahin', 'kutukan', 'di', 'playoff', 'dan', 'mecahin', 'liga', 'tani', 'onic', 'congrats', 'btr', 'emang', 'pantes', 'kalian', 'dpet', 'gelar', 'mpl', 'setelah', 'sekian', 'lamanya', 'menunggu']",1,2026-06-14,0
@jorghilucky1041,2026-06-14 15:46:12+00:00,btr juara diem kalau tim kaya rrq juara pada bilang mpl setingan🤣🤣,0,YouTube,btr juara diem kalau tim kaya rrq juara pada bilang mpl setingan,"['btr', 'juara', 'diem', 'kalau', 'tim', 'kaya', 'rrq', 'juara', 'pada', 'bilang', 'mpl', 'setingan']",1,2026-06-14,0
@DasmuriDasmuri-i9s,2026-06-14 15:44:41+00:00,Ko Ed permanenkan NNAEL,0,YouTube,ko ed permanenkan nnael,"['ko', 'ed', 'permanenkan', 'nnael']",0,2026-06-14,0
@rudyanto1305,2026-06-14 15:43:01+00:00,Ph vs Ph ini mah udah,0,YouTube,ph vs ph ini mah sudah,"['ph', 'vs', 'ph', 'ini', 'mah', 'sudah']",1,2026-06-14,0
@dwickydermawan2349,2026-06-14 15:42:52+00:00,Hertod gamau upload yt kah juara mpl ?,0,YouTube,hertod gamau upload yt kah juara mpl,"['hertod', 'gamau', 'upload', 'yt', 'kah', 'juara', 'mpl']",1,2026-06-14,0
@ikkaSulistyana,2026-06-14 15:41:54+00:00,BTR GELOOOOOO,0,YouTube,btr geloooooo,"['btr', 'geloooooo']",0,2026-06-14,0
@DonghuaLover-s1s,2026-06-14 15:41:42+00:00,Congratulations BTR,0,YouTube,congratulations btr,"['congratulations', 'btr']",0,2026-06-14,2
@RizkyDmy-x3o,2026-06-14 15:40:42+00:00,Kelass nnael,0,YouTube,kelass nnael,"['kelass', 'nnael']",0,2026-06-14,0
@RizkySyahputra-l4q,2026-06-14 15:40:13+00:00,Yang tau menit brpa komentator bilang teori poster mpl nya,0,YouTube,yang tau menit brpa komentator bilang teori poster mpl nya,"['yang', 'tau', 'menit', 'brpa', 'komentator', 'bilang', 'teori', 'poster', 'mpl', 'nya']",1,2026-06-14,0
@arnoldusajoteku657,2026-06-14 15:39:54+00:00,"Ini yg paling gw harapkan dari para robot.. 
Jadilah Robot Yg kejam",0,YouTube,ini yang paling saya harapkan dari para robot jadilah robot yang kejam,"['ini', 'yang', 'paling', 'saya', 'harapkan', 'dari', 'para', 'robot', 'jadilah', 'robot', 'yang', 'kejam']",1,2026-06-14,4
@AdeliaPutrirenata,2026-06-14 15:39:51+00:00,Akhirnya puas banget liat ONIC kalah,0,YouTube,akhirnya puas banget liat onic kalah,"['akhirnya', 'puas', 'banget', 'liat', 'onic', 'kalah']",0,2026-06-14,0
@MODS_2023,2026-06-14 15:39:44+00:00,"Terharu gue sumpah😊 akhirnya juara, dulu di hina sebagai kelinci percobaan, skrng menjadi sang juara
Congratulation BTR🎉  untuk Sonic kalian hebat ❤",49,YouTube,terharu saya sumpah akhirnya juara dulu di hina sebagai kelinci percobaan skrng menjadi sang juara congratulation btr untuk sonic kalian hebat,"['terharu', 'saya', 'sumpah', 'akhirnya', 'juara', 'dulu', 'di', 'hina', 'sebagai', 'kelinci', 'percobaan', 'skrng', 'menjadi', 'sang', 'juara', 'congratulation', 'btr', 'untuk', 'sonic', 'kalian', 'hebat']",1,2026-06-14,0
@SarpindiRosadi,2026-06-14 15:39:40+00:00,Benar 4-1 tapi btr,0,YouTube,benar tapi btr,"['benar', 'tapi', 'btr']",1,2026-06-14,0
@Reza-39Z,2026-06-14 15:39:38+00:00,Njir di cipok nnael😂,0,YouTube,njir di cipok nnael,"['njir', 'di', 'cipok', 'nnael']",1,2026-06-14,0
@icaHamin,2026-06-14 15:39:06+00:00,Maksaih btr dri 2016,0,YouTube,maksaih btr dri,"['maksaih', 'btr', 'dri']",0,2026-06-14,0
@zulhabi,2026-06-14 15:38:42+00:00,4:38:30 kelra marah kenapa?,1,YouTube,kelra marah kenapa,"['kelra', 'marah', 'kenapa']",1,2026-06-14,0
@AlimSastrawinata,2026-06-14 15:37:38+00:00,Apa kabar kairi😂😂😂,0,YouTube,apa kabar kairi,"['apa', 'kabar', 'kairi']",1,2026-06-14,0
@ikhsanhanafi3345,2026-06-14 15:36:48+00:00,onic ngpa jadi begini woii parah wkwkw,0,YouTube,onic ngpa jadi begini woii parah wkwkw,"['onic', 'ngpa', 'jadi', 'begini', 'woii', 'parah', 'wkwkw']",1,2026-06-14,0
@Reza-39Z,2026-06-14 15:36:40+00:00,Kingfinix jir,0,YouTube,kingfinix jir,"['kingfinix', 'jir']",1,2026-06-14,0
@AwiIis,2026-06-14 15:34:53+00:00,Akhirnya ada juara lain.,0,YouTube,akhirnya ada juara lain,"['akhirnya', 'ada', 'juara', 'lain']",1,2026-06-14,0
@IFALGAMERZ,2026-06-14 15:34:32+00:00,Gg btr,0,YouTube,gg btr,"['gg', 'btr']",0,2026-06-14,3
@FourzeSwitch,2026-06-14 15:34:01+00:00,Tahunnya BTR gila semua divisi lolos EWC kecuali BTRM,0,YouTube,tahunnya btr gila semua divisi lolos ewc kecuali btrm,"['tahunnya', 'btr', 'gila', 'semua', 'divisi', 'lolos', 'ewc', 'kecuali', 'btrm']",1,2026-06-14,0
@HydeLECielers,2026-06-14 15:33:58+00:00,"CONGRATS TO BTR - CHAMPIONS MPL ID S17  🎉 ❤️💛

SEE U IN PARIS !! BONJOUR 🗼🇫🇷
🐝💛💛🦔
#MSCxEWC #MWIxEWC 🔥🇮🇩",3,YouTube,congrats to btr champions mpl id s see u in paris bonjour,"['congrats', 'to', 'btr', 'champions', 'mpl', 'id', 's', 'see', 'u', 'in', 'paris', 'bonjour']",0,2026-06-14,2
@zibranirsyad4059,2026-06-14 15:33:22+00:00,bang ler bang ler tolongin bang ler😂,1,YouTube,bang ler bang ler tolongin bang ler,"['bang', 'ler', 'bang', 'ler', 'tolongin', 'bang', 'ler']",0,2026-06-14,0
@SKD51-99,2026-06-14 15:32:37+00:00,"The next ade setiawan = hertod

Next M8",0,YouTube,the next ade setiawan hertod next m,"['the', 'next', 'ade', 'setiawan', 'hertod', 'next', 'm']",1,2026-06-14,0
@SopyanAssauri-j2p,2026-06-14 15:32:04+00:00,Sejarah baru lagi co,0,YouTube,sejarah baru lagi co,"['sejarah', 'baru', 'lagi', 'co']",1,2026-06-14,0
@safi_kun6947,2026-06-14 15:31:58+00:00,Skylarr is bakk kah😂😂,0,YouTube,skylarr is bakk kah,"['skylarr', 'is', 'bakk', 'kah']",0,2026-06-14,0
@RicoAldino-o7k1d,2026-06-14 15:31:46+00:00,Makan tu kelra,0,YouTube,makan tu kelra,"['makan', 'tu', 'kelra']",1,2026-06-14,0
@im.everyyy,2026-06-14 15:31:42+00:00,"Sudah waktunya mundur sebagai fans BTR. Saya sudah menunggu ini bertahun tahun, turun naik tetap bertahan karna percaya suatu saat pasti akan mendapat gelar yang namanya Champions MPL ID. terima kasih BTR sudah membuat saya happy selama perjalanan. Tidak akan saya lupakan moment moment bersama tsb. Saya Everyyy memutuskan untuk mengundurkan diri sebagai Bigetroopers. CONGRATSSS BIGETRON ESPORTS!!!!! 🎉🎉🎉🎉",0,YouTube,sudah waktunya mundur sebagai fans btr saya sudah menunggu ini bertahun tahun turun naik tetap bertahan karna percaya suatu saat pasti akan mendapat gelar yang namanya champions mpl id terima kasih btr sudah membuat saya happy selama perjalanan tidak akan saya lupakan moment moment bersama tsb saya everyyy memutuskan untuk mengundurkan diri sebagai bigetroopers congratsss bigetron esports,"['sudah', 'waktunya', 'mundur', 'sebagai', 'fans', 'btr', 'saya', 'sudah', 'menunggu', 'ini', 'bertahun', 'tahun', 'turun', 'naik', 'tetap', 'bertahan', 'karna', 'percaya', 'suatu', 'saat', 'pasti', 'akan', 'mendapat', 'gelar', 'yang', 'namanya', 'champions', 'mpl', 'id', 'terima', 'kasih', 'btr', 'sudah', 'membuat', 'saya', 'happy', 'selama', 'perjalanan', 'tidak', 'akan', 'saya', 'lupakan', 'moment', 'moment', 'bersama', 'tsb', 'saya', 'everyyy', 'memutuskan', 'untuk', 'mengundurkan', 'diri', 'sebagai', 'bigetroopers', 'congratsss', 'bigetron', 'esports']",1,2026-06-14,0
@AHJ-GABUT,2026-06-14 15:31:26+00:00,"Izin BTR lengkap nih FFWS, PMPL, MWI, MPL, MDL, IKL juara semua aduh gini ya rasanya jadi fans tim yang bener bener esports juara semua🙏😁",2,YouTube,izin btr lengkap nih ffws pmpl mwi mpl mdl ikl juara semua aduh gini ya rasanya jadi fans tim yang bener bener esports juara semua,"['izin', 'btr', 'lengkap', 'nih', 'ffws', 'pmpl', 'mwi', 'mpl', 'mdl', 'ikl', 'juara', 'semua', 'aduh', 'gini', 'ya', 'rasanya', 'jadi', 'fans', 'tim', 'yang', 'bener', 'bener', 'esports', 'juara', 'semua']",1,2026-06-14,0
@FataZeinul-u2r,2026-06-14 15:31:23+00:00,"Kalah nangis ❌
Kalah ketawa ✅
Congrats BIGETRON👑
Pasti di komen nanti sonic lah kingdom lah alterchamp lah dll🗿",0,YouTube,kalah nangis kalah ketawa congrats bigetron pasti di komen nanti sonic lah kingdom lah alterchamp lah dll,"['kalah', 'nangis', 'kalah', 'ketawa', 'congrats', 'bigetron', 'pasti', 'di', 'komen', 'nanti', 'sonic', 'lah', 'kingdom', 'lah', 'alterchamp', 'lah', 'dll']",1,2026-06-14,0
@Karnohokon,2026-06-14 15:31:12+00:00,Moreno unggul dan menang telak dari sanz di match ini,0,YouTube,moreno unggul dan menang telak dari sanz di match ini,"['moreno', 'unggul', 'dan', 'menang', 'telak', 'dari', 'sanz', 'di', 'match', 'ini']",1,2026-06-14,0
@ansharalie3788,2026-06-14 15:31:09+00:00,"Org2 btr trlalu biasa kaya nya setingan juara, pdhl perdana loh😂",0,YouTube,org btr trlalu biasa kaya nya setingan juara pdhl perdana loh,"['org', 'btr', 'trlalu', 'biasa', 'kaya', 'nya', 'setingan', 'juara', 'pdhl', 'perdana', 'loh']",1,2026-06-14,0
@Tehhanny,2026-06-14 15:30:48+00:00,Puas bgt liat nael bantai mantan tim nya yang buang dia 😂,0,YouTube,puas banget liat nael bantai mantan tim nya yang buang dia,"['puas', 'banget', 'liat', 'nael', 'bantai', 'mantan', 'tim', 'nya', 'yang', 'buang', 'dia']",1,2026-06-14,0
@irvanofficial6969,2026-06-14 15:30:05+00:00,Salut sama emman orang filipina yang mau tetap stay di btr .belajar dari kekalahan dullu goodjob,72,YouTube,salut sama emman orang filipina yang mau tetap stay di btr belajar dari kekalahan dullu goodjob,"['salut', 'sama', 'emman', 'orang', 'filipina', 'yang', 'mau', 'tetap', 'stay', 'di', 'btr', 'belajar', 'dari', 'kekalahan', 'dullu', 'goodjob']",0,2026-06-14,0
@fikkopratama,2026-06-14 15:29:58+00:00,KUKIRA MAU MEMASAK EH MALAH DIMASAK🗿,2,YouTube,kukira mau memasak eh malah dimasak,"['kukira', 'mau', 'memasak', 'eh', 'malah', 'dimasak']",1,2026-06-14,0
@TonyNurrohman-i4r,2026-06-14 15:29:55+00:00,Hertod juara😂,0,YouTube,hertod juara,"['hertod', 'juara']",0,2026-06-14,0
@WildanKurniawan-lz6jz,2026-06-14 15:29:32+00:00,Juara kok 1 kali sang robot merah BTR,0,YouTube,juara kok kali sang robot merah btr,"['juara', 'kok', 'kali', 'sang', 'robot', 'merah', 'btr']",1,2026-06-14,4
@Ryze_Slwly,2026-06-14 15:29:31+00:00,"hertod in heart said: cinta kandas,juara mpl ku gaas🎉😅",1,YouTube,hertod in heart said cinta kandas juara mpl ku gaas,"['hertod', 'in', 'heart', 'said', 'cinta', 'kandas', 'juara', 'mpl', 'ku', 'gaas']",1,2026-06-14,0
@kijangkurus7986,2026-06-14 15:28:44+00:00,Hertod Terlalu op cik,0,YouTube,hertod terlalu op cik,"['hertod', 'terlalu', 'op', 'cik']",1,2026-06-14,0
@wahyuage8271,2026-06-14 15:28:40+00:00,Onic bosen juara trus😂,0,YouTube,onic bosen juara trus,"['onic', 'bosen', 'juara', 'trus']",1,2026-06-14,0
@SopyanAssauri-j2p,2026-06-14 15:27:41+00:00,Gk papa kalah onic udh punya 8 piala kasih ke tim lain mantapp,0,YouTube,tidak papa kalah onic sudah punya piala kasih ke tim lain mantapp,"['tidak', 'papa', 'kalah', 'onic', 'sudah', 'punya', 'piala', 'kasih', 'ke', 'tim', 'lain', 'mantapp']",1,2026-06-14,0
@widiaajha9229,2026-06-14 15:27:23+00:00,Aw nael acuuuu,0,YouTube,aw nael acuuuu,"['aw', 'nael', 'acuuuu']",0,2026-06-14,0
@SopyanAssauri-j2p,2026-06-14 15:27:08+00:00,Congratulation btrr,0,YouTube,congratulation btrr,"['congratulation', 'btrr']",0,2026-06-14,2
@roisfadlilah,2026-06-14 15:27:07+00:00,Liga tani ? Indo ni bos,0,YouTube,liga tani indo ni bos,"['liga', 'tani', 'indo', 'ni', 'bos']",0,2026-06-14,0
@UserSamsungM12-c9z,2026-06-14 15:27:04+00:00,Kelinci percobaan ?,0,YouTube,kelinci percobaan,"['kelinci', 'percobaan']",0,2026-06-14,4
@edward_kelas12.ipa3,2026-06-14 15:26:39+00:00,5:37:31 when yh,0,YouTube,when yh,"['when', 'yh']",0,2026-06-14,0
@axlan186,2026-06-14 15:26:38+00:00,Malu oo kairi indon. perghh.. Kne bantai 4-1 bhaiii.. hahaha.. Bkn zaman Onik dah ni bro.. Hantar kelra balik PH. hahahah Tahniah BTR .,0,YouTube,malu oo kairi indon perghh kne bantai bhaiii hahaha bkn zaman onik dah ni bro hantar kelra balik ph hahahah tahniah btr,"['malu', 'oo', 'kairi', 'indon', 'perghh', 'kne', 'bantai', 'bhaiii', 'hahaha', 'bkn', 'zaman', 'onik', 'dah', 'ni', 'bro', 'hantar', 'kelra', 'balik', 'ph', 'hahahah', 'tahniah', 'btr']",1,2026-06-14,0
@SopyanAssauri-j2p,2026-06-14 15:25:52+00:00,Tapi jangan 4 0 juga kali massa gk di kasih poin ada apa dengan onic,0,YouTube,tapi jangan juga kali massa tidak di kasih poin ada apa dengan onic,"['tapi', 'jangan', 'juga', 'kali', 'massa', 'tidak', 'di', 'kasih', 'poin', 'ada', 'apa', 'dengan', 'onic']",1,2026-06-14,0
@xinnhuanglee0107,2026-06-14 15:25:30+00:00,"KELASSS BTR CONGRATULATION 🥳🔥❤️
YOK BISA YOK KONSISTEN SAMPE EWC 2 PERWAKILAN INDO🤩
SALAM DARI EVOS FAMS💙❤️
 (TROOPERS DIVISI PUBG DOANG😂)",1,YouTube,kelasss btr congratulation yok bisa yok konsisten sampe ewc perwakilan indo salam dari evos fams troopers divisi pubg doang,"['kelasss', 'btr', 'congratulation', 'yok', 'bisa', 'yok', 'konsisten', 'sampe', 'ewc', 'perwakilan', 'indo', 'salam', 'dari', 'evos', 'fams', 'troopers', 'divisi', 'pubg', 'doang']",1,2026-06-14,5
@BangD23,2026-06-14 15:25:28+00:00,Kalau ada yang nanya sekarang tanggal berapa bang? Sekarang tanggal 1-4,0,YouTube,kalau ada yang nanya sekarang tanggal berapa bang sekarang tanggal,"['kalau', 'ada', 'yang', 'nanya', 'sekarang', 'tanggal', 'berapa', 'bang', 'sekarang', 'tanggal']",1,2026-06-14,0
@SopyanAssauri-j2p,2026-06-14 15:25:26+00:00,Akhirnya juara juga btr,0,YouTube,akhirnya juara juga btr,"['akhirnya', 'juara', 'juga', 'btr']",0,2026-06-14,0
@7vnspeed262,2026-06-14 15:23:45+00:00,"Bener aja BTR juara , prediksi gua ga salah wkkwkwkwk soalnya mereka udah ga dihantui musim² sebelumnya Evos,RRq udah lewat ama BTR ahirnya juara selamat BTR dari fams",0,YouTube,bener aja btr juara prediksi gua tidak salah wkkwkwkwk soalnya mereka sudah tidak dihantui musim² sebelumnya evos rrq sudah lewat ama btr ahirnya juara selamat btr dari fams,"['bener', 'aja', 'btr', 'juara', 'prediksi', 'gua', 'tidak', 'salah', 'wkkwkwkwk', 'soalnya', 'mereka', 'sudah', 'tidak', 'dihantui', 'musim²', 'sebelumnya', 'evos', 'rrq', 'sudah', 'lewat', 'ama', 'btr', 'ahirnya', 'juara', 'selamat', 'btr', 'dari', 'fams']",1,2026-06-14,0
@Saint128,2026-06-14 15:23:37+00:00,2 ph pun kalah onic😂,0,YouTube,ph pun kalah onic,"['ph', 'pun', 'kalah', 'onic']",1,2026-06-14,0
@novaldinusesariosetiahadi4165,2026-06-14 15:23:17+00:00,Onic kalah kek “ yaudah lah ya”,0,YouTube,onic kalah kek “ yaudah lah ya ”,"['onic', 'kalah', 'kek', '“', 'yaudah', 'lah', 'ya', '”']",1,2026-06-14,0
@Rexjii28,2026-06-14 15:22:22+00:00,"GG BUAT BTR, NT ONIC KUU👏",1,YouTube,gg buat btr nt onic kuu,"['gg', 'buat', 'btr', 'nt', 'onic', 'kuu']",0,2026-06-14,3
@AlphardAhmad,2026-06-14 15:21:50+00:00,Onic buang Skyler pilih klera malah kalah.....,1,YouTube,onic buang skyler pilih klera malah kalah,"['onic', 'buang', 'skyler', 'pilih', 'klera', 'malah', 'kalah']",1,2026-06-14,0
@DaraIrwandi,2026-06-14 15:21:32+00:00,Awal kehancuran onic,0,YouTube,awal kehancuran onic,"['awal', 'kehancuran', 'onic']",1,2026-06-14,0
@StefenJR8444,2026-06-14 15:21:30+00:00,Akhirnya emann punya piala kesian dia gak punya punya piala dari dulu seharusnya udah banyak 😊,0,YouTube,akhirnya emann punya piala kesian dia tidak punya punya piala dari dulu seharusnya sudah banyak,"['akhirnya', 'emann', 'punya', 'piala', 'kesian', 'dia', 'tidak', 'punya', 'punya', 'piala', 'dari', 'dulu', 'seharusnya', 'sudah', 'banyak']",1,2026-06-14,0
@SholawatSholawat-zk2kc,2026-06-14 15:21:23+00:00,Mantap🎉,0,YouTube,mantap,['mantap'],0,2026-06-14,0
@YOGP117,2026-06-14 15:20:38+00:00,"oi tod, kapan upload lg? liga tani onic udh pecah, biasanya lu ngeluh klo onic mulu yg menang",0,YouTube,oi tod kapan upload lg liga tani onic sudah pecah biasanya kamu ngeluh kalau onic mulu yang menang,"['oi', 'tod', 'kapan', 'upload', 'lg', 'liga', 'tani', 'onic', 'sudah', 'pecah', 'biasanya', 'kamu', 'ngeluh', 'kalau', 'onic', 'mulu', 'yang', 'menang']",1,2026-06-14,0
@jokoparkir6539,2026-06-14 15:19:17+00:00,"Gw tau motivasi mreka knp bisa menang yaki  dah valin ni A1 😁, ""klo kalah bkal masuk RRq"" jadi mreka g mau kalah takut di masukin Rrq",0,YouTube,saya tau motivasi mreka knp bisa menang yaki dah valin ni a kalau kalah bkal masuk rrq jadi mreka g mau kalah takut di masukin rrq,"['saya', 'tau', 'motivasi', 'mreka', 'knp', 'bisa', 'menang', 'yaki', 'dah', 'valin', 'ni', 'a', 'kalau', 'kalah', 'bkal', 'masuk', 'rrq', 'jadi', 'mreka', 'g', 'mau', 'kalah', 'takut', 'di', 'masukin', 'rrq']",1,2026-06-14,0
@asalbiruclose,2026-06-14 15:18:53+00:00,Sans kambing,0,YouTube,sans kambing,"['sans', 'kambing']",1,2026-06-14,0
@riotomo99,2026-06-14 15:18:48+00:00,user sobri roam juara woyy,0,YouTube,user sobri roam juara woyy,"['user', 'sobri', 'roam', 'juara', 'woyy']",0,2026-06-14,0
@beruangkok,2026-06-14 15:18:31+00:00,APAKAH ONIC FOKUS EWC,0,YouTube,apakah onic fokus ewc,"['apakah', 'onic', 'fokus', 'ewc']",1,2026-06-14,0
@Typeshieee30,2026-06-14 15:18:24+00:00,GG BTR,0,YouTube,gg btr,"['gg', 'btr']",0,2026-06-14,3
@dodiariawan6344,2026-06-14 15:17:53+00:00,Jimat nya manjur jir,0,YouTube,jimat nya manjur jir,"['jimat', 'nya', 'manjur', 'jir']",1,2026-06-14,0
@RaditPratama-g2o,2026-06-14 15:17:01+00:00,ngak sia sia btr dapat tiket playoff,0,YouTube,ngak sia sia btr dapat tiket playoff,"['ngak', 'sia', 'sia', 'btr', 'dapat', 'tiket', 'playoff']",1,2026-06-14,0
@sultansyauqialfarizi,2026-06-14 15:16:30+00:00,mdl mpl bro juaranya,0,YouTube,mdl mpl bro juaranya,"['mdl', 'mpl', 'bro', 'juaranya']",0,2026-06-14,0
@cuanBesar,2026-06-14 15:16:16+00:00,Akhirnya gw nonton mpl lagi setelah sekian lama nyimak my SM ph..ada yg menarik season ini,10,YouTube,akhirnya saya nonton mpl lagi setelah sekian lama nyimak my sama ph ada yang menarik season ini,"['akhirnya', 'saya', 'nonton', 'mpl', 'lagi', 'setelah', 'sekian', 'lama', 'nyimak', 'my', 'sama', 'ph', 'ada', 'yang', 'menarik', 'season', 'ini']",1,2026-06-14,0
@skyblog342,2026-06-14 15:16:14+00:00,Respeck sma coch btr kecil kecil cabe rawit,0,YouTube,respeck sma coch btr kecil kecil cabe rawit,"['respeck', 'sma', 'coch', 'btr', 'kecil', 'kecil', 'cabe', 'rawit']",1,2026-06-14,0
@Ervan-p4x,2026-06-14 15:15:55+00:00,kelas tod,0,YouTube,kelas tod,"['kelas', 'tod']",1,2026-06-14,0
@zakysm,2026-06-14 15:15:19+00:00,"gilakkk, hertod baru masuk mpl langsung juara, gokil mana gokil🙌😹",11,YouTube,gilakkk hertod baru masuk mpl langsung juara gokil mana gokil,"['gilakkk', 'hertod', 'baru', 'masuk', 'mpl', 'langsung', 'juara', 'gokil', 'mana', 'gokil']",0,2026-06-14,0
@Yohaness66,2026-06-14 15:14:48+00:00,Yeb tolong yeb,0,YouTube,yeb tolong yeb,"['yeb', 'tolong', 'yeb']",1,2026-06-14,0
@IkyAja-v7h,2026-06-14 15:14:45+00:00,"Si hertod diam diam sudah merencanakan juara mpl Cok wkwkwk😂, GG BTR ❤",0,YouTube,si hertod diam diam sudah merencanakan juara mpl cok wkwkwk gg btr,"['si', 'hertod', 'diam', 'diam', 'sudah', 'merencanakan', 'juara', 'mpl', 'cok', 'wkwkwk', 'gg', 'btr']",1,2026-06-14,0
@pesonajalanan5286,2026-06-14 15:14:08+00:00,Efek coach baru dari Korea. Gilaaa,1,YouTube,efek coach baru dari korea gilaaa,"['efek', 'coach', 'baru', 'dari', 'korea', 'gilaaa']",0,2026-06-14,0
@alfiantricahyono3725,2026-06-14 15:14:05+00:00,"Buat BTR siapin. Tiket ke Paris buat sipancoro ya, tu jimat ga kaleng kaleng",0,YouTube,buat btr siapin tiket ke paris buat sipancoro ya tu jimat tidak kaleng kaleng,"['buat', 'btr', 'siapin', 'tiket', 'ke', 'paris', 'buat', 'sipancoro', 'ya', 'tu', 'jimat', 'tidak', 'kaleng', 'kaleng']",0,2026-06-14,0
@Hardz_09,2026-06-14 15:14:01+00:00,"Hertod effect jir, congrats btr👏👏",0,YouTube,hertod effect jir congrats btr,"['hertod', 'effect', 'jir', 'congrats', 'btr']",0,2026-06-14,6
@hw6911,2026-06-14 15:13:55+00:00,"Lah iya lagi BTR Semua di borong MLBB, MDL BTR, MPL BTR, Ledies BTR juga 😂😂",3,YouTube,lah iya lagi btr semua di borong mlbb mdl btr mpl btr ledies btr juga,"['lah', 'iya', 'lagi', 'btr', 'semua', 'di', 'borong', 'mlbb', 'mdl', 'btr', 'mpl', 'btr', 'ledies', 'btr', 'juga']",1,2026-06-14,0
@AlfaG9,2026-06-14 15:13:51+00:00,Baru Kali ini Salaman akhir di Grandfinal ga ada yang murung,11,YouTube,baru kali ini salaman akhir di grandfinal tidak ada yang murung,"['baru', 'kali', 'ini', 'salaman', 'akhir', 'di', 'grandfinal', 'tidak', 'ada', 'yang', 'murung']",1,2026-06-14,0
@PrabuAlislami08,2026-06-14 15:13:48+00:00,setelah ber season-season akhirnya BTR menemukan racikan yg tepat 🔥,0,YouTube,setelah ber season season akhirnya btr menemukan racikan yang tepat,"['setelah', 'ber', 'season', 'season', 'akhirnya', 'btr', 'menemukan', 'racikan', 'yang', 'tepat']",0,2026-06-14,0
@shalahudinabdulaziz3644,2026-06-14 15:13:04+00:00,Moreno damage nya ga ada obat njir kwkw,0,YouTube,moreno damage nya tidak ada obat njir kwkw,"['moreno', 'damage', 'nya', 'tidak', 'ada', 'obat', 'njir', 'kwkw']",1,2026-06-14,0
@rizaachmad9901,2026-06-14 15:12:07+00:00,"Sekelah penantian panjang akhirnya BTR juara, Ikut seneng alhamdulillah 😇😇",0,YouTube,sekelah penantian panjang akhirnya btr juara ikut seneng alhamdulillah,"['sekelah', 'penantian', 'panjang', 'akhirnya', 'btr', 'juara', 'ikut', 'seneng', 'alhamdulillah']",0,2026-06-14,0
@hermawanhidayat5633,2026-06-14 15:11:50+00:00,Onic melempem pas final,0,YouTube,onic melempem pas final,"['onic', 'melempem', 'pas', 'final']",0,2026-06-14,0
@Avdotya_Nikolayevna_Ivanova,2026-06-14 15:11:46+00:00,"Jadi gini tod, Gw nemu piala random di lemari gw 🗿",0,YouTube,jadi gini tod saya nemu piala random di lemari saya,"['jadi', 'gini', 'tod', 'saya', 'nemu', 'piala', 'random', 'di', 'lemari', 'saya']",1,2026-06-14,0
@AHJ-GABUT,2026-06-14 15:11:21+00:00,Ya Allah senang banget sumpah penantian panjang bigetropers akhirnya terbayarkan juara mpl juga😭🫶❤️🔥,2,YouTube,ya allah senang banget sumpah penantian panjang bigetropers akhirnya terbayarkan juara mpl juga,"['ya', 'allah', 'senang', 'banget', 'sumpah', 'penantian', 'panjang', 'bigetropers', 'akhirnya', 'terbayarkan', 'juara', 'mpl', 'juga']",0,2026-06-14,0
@danudane,2026-06-14 15:10:18+00:00,"Yuk season depan
Dewa
NAVI
AE
GEEK

Bisa yuk",2,YouTube,yuk season depan dewa navi ae geek bisa yuk,"['yuk', 'season', 'depan', 'dewa', 'navi', 'ae', 'geek', 'bisa', 'yuk']",0,2026-06-14,0
@Mamadowskii,2026-06-14 15:09:41+00:00,Btr lawan bot jir 4-0,0,YouTube,btr lawan bot jir,"['btr', 'lawan', 'bot', 'jir']",1,2026-06-14,8
@bolukukus6605,2026-06-14 15:09:30+00:00,"Koq kurang mriyah perayaan kemenangan nya,,",0,YouTube,koq kurang mriyah perayaan kemenangan nya,"['koq', 'kurang', 'mriyah', 'perayaan', 'kemenangan', 'nya']",1,2026-06-14,0
@Asupan-viral,2026-06-14 15:09:23+00:00,HERTOD EFEC,0,YouTube,hertod efec,"['hertod', 'efec']",0,2026-06-14,0
@MAS_RUSDI_48,2026-06-14 15:09:09+00:00,Apakah onic akan mengikuti jejak AE?,1,YouTube,apakah onic akan mengikuti jejak ae,"['apakah', 'onic', 'akan', 'mengikuti', 'jejak', 'ae']",0,2026-06-14,-1
@ZEROFUKU1106,2026-06-14 15:08:59+00:00,AKHIRNYAA 😌 SAMPAI GEMETERAN COK 🥹,1,YouTube,akhirnyaa sampai gemeteran cok,"['akhirnyaa', 'sampai', 'gemeteran', 'cok']",1,2026-06-14,0
@bimoyoga,2026-06-14 15:08:57+00:00,napa patah2 dah,0,YouTube,napa patah dah,"['napa', 'patah', 'dah']",1,2026-06-14,0
@IscarMedan,2026-06-14 15:08:46+00:00,"Jujur gua seneng,",0,YouTube,jujur gua seneng,"['jujur', 'gua', 'seneng']",1,2026-06-14,0
@muhfadilfadil4637,2026-06-14 15:08:23+00:00,No knp onic kalah liat aja onic akan balas dendam,0,YouTube,no knp onic kalah liat aja onic akan balas dendam,"['no', 'knp', 'onic', 'kalah', 'liat', 'aja', 'onic', 'akan', 'balas', 'dendam']",1,2026-06-14,0
@Vcnt_Rafliii,2026-06-14 15:08:14+00:00,kok,0,YouTube,kok,['kok'],0,2026-06-14,0
@yusufahmad8738,2026-06-14 15:07:49+00:00,"hahahaha 
dihajar onic..
ngk papa warna baru..
tp msc harus bagus BTR...
nanti cm mpl aja..msc melempem",0,YouTube,hahahaha dihajar onic ngk papa warna baru tapi msc harus bagus btr nanti cm mpl aja msc melempem,"['hahahaha', 'dihajar', 'onic', 'ngk', 'papa', 'warna', 'baru', 'tapi', 'msc', 'harus', 'bagus', 'btr', 'nanti', 'cm', 'mpl', 'aja', 'msc', 'melempem']",1,2026-06-14,0
@MAS_RUSDI_48,2026-06-14 15:07:19+00:00,"SELAMAT BTR ATAS KEMENANGAN NYA KALIAN MEMANG LAYAK JUARA, NT ONIC SEMOGA SEASON DEPAN JADI LEBIH KUAT

SALAM SONIC",1,YouTube,selamat btr atas kemenangan nya kalian memang layak juara nt onic semoga season depan jadi lebih kuat salam sonic,"['selamat', 'btr', 'atas', 'kemenangan', 'nya', 'kalian', 'memang', 'layak', 'juara', 'nt', 'onic', 'semoga', 'season', 'depan', 'jadi', 'lebih', 'kuat', 'salam', 'sonic']",1,2026-06-14,0
@dentomo13,2026-06-14 15:07:19+00:00,"Poster hanya sebuah poster, BTR menghentikan kutukan poster MPL",0,YouTube,poster hanya sebuah poster btr menghentikan kutukan poster mpl,"['poster', 'hanya', 'sebuah', 'poster', 'btr', 'menghentikan', 'kutukan', 'poster', 'mpl']",1,2026-06-14,0
@Satriadal,2026-06-14 15:07:01+00:00,haha streak liga tani berakhir,0,YouTube,haha streak liga tani berakhir,"['haha', 'streak', 'liga', 'tani', 'berakhir']",0,2026-06-14,0
@kotakkejutan,2026-06-14 15:06:45+00:00,"Nice BTR , , ,gak jadi liga tani",0,YouTube,nice btr tidak jadi liga tani,"['nice', 'btr', 'tidak', 'jadi', 'liga', 'tani']",1,2026-06-14,0
@briela-j1p,2026-06-14 15:06:23+00:00,"Gak usah percaya sama fans onic yg memuji btr karna juara,,,ingat mereka semua penjilat,,coba aja onic yg juara,,wuhhh jelas koar² nghujat btr...emang pantas di sebut penjilat",0,YouTube,tidak usah percaya sama fans onic yang memuji btr karna juara ingat mereka semua penjilat coba aja onic yang juara wuhhh jelas koar² nghujat btr emang pantas di sebut penjilat,"['tidak', 'usah', 'percaya', 'sama', 'fans', 'onic', 'yang', 'memuji', 'btr', 'karna', 'juara', 'ingat', 'mereka', 'semua', 'penjilat', 'coba', 'aja', 'onic', 'yang', 'juara', 'wuhhh', 'jelas', 'koar²', 'nghujat', 'btr', 'emang', 'pantas', 'di', 'sebut', 'penjilat']",1,2026-06-14,0
@hansem_799,2026-06-14 15:06:05+00:00,# SKYLARRR > KELRAAA,0,YouTube,skylarrr kelraaa,"['skylarrr', 'kelraaa']",0,2026-06-14,0
@edipandia519,2026-06-14 15:06:05+00:00,"BigetroN
ChampioN
Semua player ada huruf N☠️",0,YouTube,bigetron champion semua player ada huruf n,"['bigetron', 'champion', 'semua', 'player', 'ada', 'huruf', 'n']",1,2026-06-14,0
@ArkTastick,2026-06-14 15:06:04+00:00,effect hertod,0,YouTube,effect hertod,"['effect', 'hertod']",0,2026-06-14,6
@Youtoubeer1,2026-06-14 15:05:23+00:00,"Hertod sekalinya masuk langsung juara, mana patahin liga tani onic lagi",0,YouTube,hertod sekalinya masuk langsung juara mana patahin liga tani onic lagi,"['hertod', 'sekalinya', 'masuk', 'langsung', 'juara', 'mana', 'patahin', 'liga', 'tani', 'onic', 'lagi']",1,2026-06-14,0
@alannurwijianto3098,2026-06-14 15:05:06+00:00,"Congrats BTR, salam dari EvosFams, Kali ini gak sia sia sih kalopun EVOS Pulang di hari pertama playoff, soalnya dikalahkan sama sang juara juga🔥🔥",0,YouTube,congrats btr salam dari evosfams kali ini tidak sia sia sih kalopun evos pulang di hari pertama playoff soalnya dikalahkan sama sang juara juga,"['congrats', 'btr', 'salam', 'dari', 'evosfams', 'kali', 'ini', 'tidak', 'sia', 'sia', 'sih', 'kalopun', 'evos', 'pulang', 'di', 'hari', 'pertama', 'playoff', 'soalnya', 'dikalahkan', 'sama', 'sang', 'juara', 'juga']",1,2026-06-14,0
@tesalonika71,2026-06-14 15:04:50+00:00,Harusnya nnael yg mvp.. btr keliatan brubah pas nnael join,0,YouTube,harusnya nnael yang mvp btr keliatan brubah pas nnael join,"['harusnya', 'nnael', 'yang', 'mvp', 'btr', 'keliatan', 'brubah', 'pas', 'nnael', 'join']",0,2026-06-14,0
@reebshwhEbhehe,2026-06-14 15:03:16+00:00,KATANYA LIGA TANI WKWKWKKW,0,YouTube,katanya liga tani wkwkwkkw,"['katanya', 'liga', 'tani', 'wkwkwkkw']",1,2026-06-14,0
@techzly,2026-06-14 15:03:04+00:00,Selamat Bigetron atas kemenangannya. Percaya proses 💪,0,YouTube,selamat bigetron atas kemenangannya percaya proses,"['selamat', 'bigetron', 'atas', 'kemenangannya', 'percaya', 'proses']",0,2026-06-14,0
@faridindra577,2026-06-14 15:03:01+00:00,Sekian lama. GOODLUCK EMANN,9,YouTube,sekian lama goodluck emann,"['sekian', 'lama', 'goodluck', 'emann']",1,2026-06-14,-1
@vreinishere,2026-06-14 15:02:45+00:00,"KELRA emg gold standar, ya gtu standar aja, ga spesial.",0,YouTube,kelra emg gold standar ya gtu standar aja tidak spesial,"['kelra', 'emg', 'gold', 'standar', 'ya', 'gtu', 'standar', 'aja', 'tidak', 'spesial']",1,2026-06-14,0
@ismailadsa3547,2026-06-14 15:02:19+00:00,Jir bawa kelra malah kalah,0,YouTube,jir bawa kelra malah kalah,"['jir', 'bawa', 'kelra', 'malah', 'kalah']",1,2026-06-14,0
@AKFChankz,2026-06-14 15:02:16+00:00,Eman selalu mendominasi Kelra,0,YouTube,eman selalu mendominasi kelra,"['eman', 'selalu', 'mendominasi', 'kelra']",0,2026-06-14,0
@yanzjho,2026-06-14 15:02:05+00:00,"Wah gua telat nonton, selamat yah buat juara baru bigetron by vitality 🎉🎉🎉🎉",1,YouTube,wah gua telat nonton selamat yah buat juara baru bigetron by vitality,"['wah', 'gua', 'telat', 'nonton', 'selamat', 'yah', 'buat', 'juara', 'baru', 'bigetron', 'by', 'vitality']",1,2026-06-14,0
@fueerinch8551,2026-06-14 15:01:41+00:00,finally ya eemaannn 😭😭,0,YouTube,finally ya eemaannn,"['finally', 'ya', 'eemaannn']",0,2026-06-14,0
@author-cat-kittysyafa_syakira,2026-06-14 15:01:23+00:00,Stop jangan bilang kelinci percobaan 😊 ini sekarang robot bukan kelinci,0,YouTube,stop jangan bilang kelinci percobaan ini sekarang robot bukan kelinci,"['stop', 'jangan', 'bilang', 'kelinci', 'percobaan', 'ini', 'sekarang', 'robot', 'bukan', 'kelinci']",1,2026-06-14,4
@nandifebrian24,2026-06-14 15:01:23+00:00,Hertod effect 💀🔥,10,YouTube,hertod effect,"['hertod', 'effect']",0,2026-06-14,6
@l.o.r.d7753,2026-06-14 15:01:07+00:00,"Gw sonic tp kek ga sedih bgt liat onic kalah😂
Kek ya udh gitu congrats buat BTR siapa sangka bisa ayam²in onic🙈",0,YouTube,saya sonic tapi kek tidak sedih banget liat onic kalah kek ya sudah gitu congrats buat btr siapa sangka bisa ayam²in onic,"['saya', 'sonic', 'tapi', 'kek', 'tidak', 'sedih', 'banget', 'liat', 'onic', 'kalah', 'kek', 'ya', 'sudah', 'gitu', 'congrats', 'buat', 'btr', 'siapa', 'sangka', 'bisa', 'ayam²in', 'onic']",1,2026-06-14,0
@sakryconsutofficial1439,2026-06-14 15:00:28+00:00,Yeb berharap d kasi cincin lagi 😂,0,YouTube,yeb berharap d kasi cincin lagi,"['yeb', 'berharap', 'd', 'kasi', 'cincin', 'lagi']",1,2026-06-14,0
@ng00ntol14,2026-06-14 15:00:23+00:00,Hebat si moreno,0,YouTube,hebat si moreno,"['hebat', 'si', 'moreno']",0,2026-06-14,0
@ChannaZone,2026-06-14 15:00:21+00:00,Gara gara rrq brooooo anjirrr btr lolos playofff juara lagi kelazzzzz,0,YouTube,gara gara rrq brooooo anjirrr btr lolos playofff juara lagi kelazzzzz,"['gara', 'gara', 'rrq', 'brooooo', 'anjirrr', 'btr', 'lolos', 'playofff', 'juara', 'lagi', 'kelazzzzz']",1,2026-06-14,0
@Z7hunt,2026-06-14 15:00:14+00:00,"Njir lah, padahal gua masih ngarep onic menang, tapi ya... Congrats ya buat BTR, yang memang pantes kok jadi juaranya 😊😊😊",0,YouTube,njir lah padahal gua masih ngarep onic menang tapi ya congrats ya buat btr yang memang pantes kok jadi juaranya,"['njir', 'lah', 'padahal', 'gua', 'masih', 'ngarep', 'onic', 'menang', 'tapi', 'ya', 'congrats', 'ya', 'buat', 'btr', 'yang', 'memang', 'pantes', 'kok', 'jadi', 'juaranya']",1,2026-06-14,0
@author-cat-kittysyafa_syakira,2026-06-14 15:00:13+00:00,Thanks kevin kicau mania 😅,0,YouTube,thanks kevin kicau mania,"['thanks', 'kevin', 'kicau', 'mania']",0,2026-06-14,0
@mikoranau1892,2026-06-14 14:59:47+00:00,Onic dijadiin bot sama btr 🤣,0,YouTube,onic dijadiin bot sama btr,"['onic', 'dijadiin', 'bot', 'sama', 'btr']",0,2026-06-14,0
@base_clip,2026-06-14 14:59:43+00:00,Hertod effect kah 🔥,0,YouTube,hertod effect kah,"['hertod', 'effect', 'kah']",0,2026-06-14,6
@TriWiratno-x2c,2026-06-14 14:59:39+00:00,Kutukan coch Adi out,0,YouTube,kutukan coch adi out,"['kutukan', 'coch', 'adi', 'out']",0,2026-06-14,0
@ranata48,2026-06-14 14:59:16+00:00,Hertod effect itu nyata bung 🔥🔥🔥🔥,1,YouTube,hertod effect itu nyata bung,"['hertod', 'effect', 'itu', 'nyata', 'bung']",1,2026-06-14,6
@ibnufaisal393,2026-06-14 14:59:09+00:00,"Merinding btr juara, tim lama yg belum pernah juara akhirnya juara juga",0,YouTube,merinding btr juara tim lama yang belum pernah juara akhirnya juara juga,"['merinding', 'btr', 'juara', 'tim', 'lama', 'yang', 'belum', 'pernah', 'juara', 'akhirnya', 'juara', 'juga']",1,2026-06-14,0
@AsmaraLinggau,2026-06-14 14:59:01+00:00,AE geek kapan tuh juara owh iya lupa navi Ama dewa gak usah di anggap karna team badut😂😂🧢🧢🧢,0,YouTube,ae geek kapan tuh juara owh iya lupa navi ama dewa tidak usah di anggap karna team badut,"['ae', 'geek', 'kapan', 'tuh', 'juara', 'owh', 'iya', 'lupa', 'navi', 'ama', 'dewa', 'tidak', 'usah', 'di', 'anggap', 'karna', 'team', 'badut']",1,2026-06-14,0
@Alfan-x3f,2026-06-14 14:58:26+00:00,Prime btr kah,0,YouTube,prime btr kah,"['prime', 'btr', 'kah']",0,2026-06-14,0
@BayuSaputra-t5b,2026-06-14 14:58:19+00:00,walau pun evos di kalahin sama btr kok gua seneng yah btr juara apalagi liat moreno yang udah setia banget sama btr😢,2,YouTube,walau pun evos di kalahin sama btr kok gua seneng yah btr juara apalagi liat moreno yang sudah setia banget sama btr,"['walau', 'pun', 'evos', 'di', 'kalahin', 'sama', 'btr', 'kok', 'gua', 'seneng', 'yah', 'btr', 'juara', 'apalagi', 'liat', 'moreno', 'yang', 'sudah', 'setia', 'banget', 'sama', 'btr']",1,2026-06-14,0
@asepaldun1317,2026-06-14 14:58:17+00:00,Btr program to win program to win ngik ngik ngik,0,YouTube,btr program to win program to win ngik ngik ngik,"['btr', 'program', 'to', 'win', 'program', 'to', 'win', 'ngik', 'ngik', 'ngik']",0,2026-06-14,0
@ManuelKevin969,2026-06-14 14:57:45+00:00,Kok ada ya tim yg kebantai sama juara baru😂😂😂,0,YouTube,kok ada ya tim yang kebantai sama juara baru,"['kok', 'ada', 'ya', 'tim', 'yang', 'kebantai', 'sama', 'juara', 'baru']",1,2026-06-14,0
@RiVal-r2s,2026-06-14 14:57:38+00:00,Kelra jdi bapuk,0,YouTube,kelra jdi bapuk,"['kelra', 'jdi', 'bapuk']",0,2026-06-14,0
@tzyy112,2026-06-14 14:57:30+00:00,kelra part2 nya super toy kah? takut ngedamage amat,3,YouTube,kelra part nya super toy kah takut ngedamage amat,"['kelra', 'part', 'nya', 'super', 'toy', 'kah', 'takut', 'ngedamage', 'amat']",1,2026-06-14,4
@donivarela9254,2026-06-14 14:57:26+00:00,Onic ganti skylar malah jdi gini wkwkwkw,0,YouTube,onic ganti skylar malah jdi gini wkwkwkw,"['onic', 'ganti', 'skylar', 'malah', 'jdi', 'gini', 'wkwkwkw']",1,2026-06-14,0
@tzyy112,2026-06-14 14:57:24+00:00,trio mid onic bapuk parah sanz under perform parah sama si kiboy under parah,1,YouTube,trio mid onic bapuk parah sanz under perform parah sama si kiboy under parah,"['trio', 'mid', 'onic', 'bapuk', 'parah', 'sanz', 'under', 'perform', 'parah', 'sama', 'si', 'kiboy', 'under', 'parah']",1,2026-06-14,0
@almanaries8978,2026-06-14 14:57:22+00:00,King Moreno,0,YouTube,king moreno,"['king', 'moreno']",0,2026-06-14,-1
@cii-20-achsanmaulidi45,2026-06-14 14:57:12+00:00,Gak ada mafianya kan ya,0,YouTube,tidak ada mafianya kan ya,"['tidak', 'ada', 'mafianya', 'kan', 'ya']",1,2026-06-14,0
@DimasDim-r9w,2026-06-14 14:57:00+00:00,Sang jimat btr roby❤,0,YouTube,sang jimat btr roby,"['sang', 'jimat', 'btr', 'roby']",0,2026-06-14,0
@cinemapart7932,2026-06-14 14:56:54+00:00,"Rispek buat koh Ed walaupun dia yang paling menanti-nanti kan Piala tersebut berseason season
Tapi dia tetap mengalah agar euforia juara  para Player yang tersorot
Rispek dari Sonic 👌👌",0,YouTube,rispek buat koh ed walaupun dia yang paling menanti nanti kan piala tersebut berseason season tapi dia tetap mengalah agar euforia juara para player yang tersorot rispek dari sonic,"['rispek', 'buat', 'koh', 'ed', 'walaupun', 'dia', 'yang', 'paling', 'menanti', 'nanti', 'kan', 'piala', 'tersebut', 'berseason', 'season', 'tapi', 'dia', 'tetap', 'mengalah', 'agar', 'euforia', 'juara', 'para', 'player', 'yang', 'tersorot', 'rispek', 'dari', 'sonic']",1,2026-06-14,0
@yosepputra8783,2026-06-14 14:56:27+00:00,Kok gak rame ya? Setingan kah?,0,YouTube,kok tidak rame ya setingan kah,"['kok', 'tidak', 'rame', 'ya', 'setingan', 'kah']",1,2026-06-14,0
@ArisSetiawan-d5k,2026-06-14 14:56:22+00:00,"Onik ggl juara 😢
Di atas langit masih ada btr😂",1,YouTube,onik ggl juara di atas langit masih ada btr,"['onik', 'ggl', 'juara', 'di', 'atas', 'langit', 'masih', 'ada', 'btr']",1,2026-06-14,0
@Zulfiii-r5b,2026-06-14 14:56:09+00:00,Kode redem nyaa,0,YouTube,kode redem nyaa,"['kode', 'redem', 'nyaa']",1,2026-06-14,0
@razoreks4337,2026-06-14 14:55:42+00:00,Onic sudah burn out kan???,0,YouTube,onic sudah burn out kan,"['onic', 'sudah', 'burn', 'out', 'kan']",1,2026-06-14,0
@faisalubaidillah1574,2026-06-14 14:55:34+00:00,Lets go BIGETRONNNNN 🔥,0,YouTube,lets go bigetronnnnn,"['lets', 'go', 'bigetronnnnn']",0,2026-06-14,0
@adiyansyah3362,2026-06-14 14:55:18+00:00,Bosen klw onic lagi juara😊,0,YouTube,bosen klw onic lagi juara,"['bosen', 'klw', 'onic', 'lagi', 'juara']",1,2026-06-14,0
@Michael-i5r5n,2026-06-14 14:54:50+00:00,"Gg jir, dulu 5 tahun cuma ngebadut di play off sekarang bisa pecahin liga tani onic",1,YouTube,gg jir dulu tahun cuma ngebadut di play off sekarang bisa pecahin liga tani onic,"['gg', 'jir', 'dulu', 'tahun', 'cuma', 'ngebadut', 'di', 'play', 'off', 'sekarang', 'bisa', 'pecahin', 'liga', 'tani', 'onic']",1,2026-06-14,0
@FERDIFAKTA-h7e,2026-06-14 14:54:30+00:00,1.59.58 tangan kelra geter njir,12,YouTube,tangan kelra geter njir,"['tangan', 'kelra', 'geter', 'njir']",0,2026-06-14,0
@Z4nkok,2026-06-14 14:54:10+00:00,"Sebagai Fans hertod cukup bangga, BTR juara cuy.

nggak sabar intro baru dari hertod.

Hertod : ""Gw bukan player, bukan coach, bukan manajemen, tapi gue anilis. Dan team pertama gw langsung Juara mpl cuy""",0,YouTube,sebagai fans hertod cukup bangga btr juara cuy nggak sabar intro baru dari hertod hertod saya bukan player bukan coach bukan manajemen tapi saya anilis dan team pertama saya langsung juara mpl cuy,"['sebagai', 'fans', 'hertod', 'cukup', 'bangga', 'btr', 'juara', 'cuy', 'nggak', 'sabar', 'intro', 'baru', 'dari', 'hertod', 'hertod', 'saya', 'bukan', 'player', 'bukan', 'coach', 'bukan', 'manajemen', 'tapi', 'saya', 'anilis', 'dan', 'team', 'pertama', 'saya', 'langsung', 'juara', 'mpl', 'cuy']",1,2026-06-14,0
@ytXcute,2026-06-14 14:54:07+00:00,Nunggu hertod nganalisi gameplay yg dia buat🗿,0,YouTube,nunggu hertod nganalisi gameplay yang dia buat,"['nunggu', 'hertod', 'nganalisi', 'gameplay', 'yang', 'dia', 'buat']",0,2026-06-14,0
@Ninjaasssasinn,2026-06-14 14:53:49+00:00,"Gg BTR NT ONIC, saking konsistennya onic sampai sekarang bisa dibalap sama tim lain",7,YouTube,gg btr nt onic saking konsistennya onic sampai sekarang bisa dibalap sama tim lain,"['gg', 'btr', 'nt', 'onic', 'saking', 'konsistennya', 'onic', 'sampai', 'sekarang', 'bisa', 'dibalap', 'sama', 'tim', 'lain']",1,2026-06-14,0
@mugiwara024,2026-06-14 14:53:28+00:00,"Akhirnya ada juara baru, gg BTR👏👏👏🎉🎉",1,YouTube,akhirnya ada juara baru gg btr,"['akhirnya', 'ada', 'juara', 'baru', 'gg', 'btr']",1,2026-06-14,0
@hati_otak,2026-06-14 14:53:26+00:00,Ppq harus belajar dari BTR sihh 😂😂😂😂😂😂😂😂😂😂 iya gk,2,YouTube,ppq harus belajar dari btr sihh iya tidak,"['ppq', 'harus', 'belajar', 'dari', 'btr', 'sihh', 'iya', 'tidak']",1,2026-06-14,-1
@rizkiazizi-t9y,2026-06-14 14:53:25+00:00,"Akhirnya BTR menang aku sneng,kalo yang menang onic GK seneng aku karena kelra Ama kairi GK mau pakek jaket indo kek sombong banget gitu,Eman aja yng orang ph aja mau pakek, itulah onic runtuh karena kesombongan playernya😊",1,YouTube,akhirnya btr menang aku sneng kalau yang menang onic tidak seneng aku karena kelra ama kairi tidak mau pakek jaket indo kek sombong banget gitu eman aja yng orang ph aja mau pakek itulah onic runtuh karena kesombongan playernya,"['akhirnya', 'btr', 'menang', 'aku', 'sneng', 'kalau', 'yang', 'menang', 'onic', 'tidak', 'seneng', 'aku', 'karena', 'kelra', 'ama', 'kairi', 'tidak', 'mau', 'pakek', 'jaket', 'indo', 'kek', 'sombong', 'banget', 'gitu', 'eman', 'aja', 'yng', 'orang', 'ph', 'aja', 'mau', 'pakek', 'itulah', 'onic', 'runtuh', 'karena', 'kesombongan', 'playernya']",1,2026-06-14,0
@YulianaPku-j7p,2026-06-14 14:53:17+00:00,Onic kalah di sesaon 17 tapi menang di msc,1,YouTube,onic kalah di sesaon tapi menang di msc,"['onic', 'kalah', 'di', 'sesaon', 'tapi', 'menang', 'di', 'msc']",1,2026-06-14,0
@ibnufaisal393,2026-06-14 14:53:10+00:00,Downgrade dri s25 ultra cuma dpt infinix wkwk,0,YouTube,downgrade dri s ultra cuma dpt infinix wkwk,"['downgrade', 'dri', 's', 'ultra', 'cuma', 'dpt', 'infinix', 'wkwk']",1,2026-06-14,-1
@ariel777n,2026-06-14 14:52:45+00:00,hertod join btr langsung juara njir,1,YouTube,hertod join btr langsung juara njir,"['hertod', 'join', 'btr', 'langsung', 'juara', 'njir']",0,2026-06-14,0
@seraphine3458,2026-06-14 14:52:36+00:00,"Itu gantiin skylar cuma buat runner up, mending skylar kalo gitu dapet champion",0,YouTube,itu gantiin skylar cuma buat runner up mending skylar kalau gitu dapet champion,"['itu', 'gantiin', 'skylar', 'cuma', 'buat', 'runner', 'up', 'mending', 'skylar', 'kalau', 'gitu', 'dapet', 'champion']",1,2026-06-14,0
@enjangmuwalidin2684,2026-06-14 14:52:32+00:00,Kembali kan skyler,0,YouTube,kembali kan skyler,"['kembali', 'kan', 'skyler']",0,2026-06-14,0
@fey2202,2026-06-14 14:52:29+00:00,Gilo gg btr gg hertod,0,YouTube,gilo gg btr gg hertod,"['gilo', 'gg', 'btr', 'gg', 'hertod']",0,2026-06-14,3
@ramaa_mlbb,2026-06-14 14:51:50+00:00,Ga seru final terngantuk,0,YouTube,tidak seru final terngantuk,"['tidak', 'seru', 'final', 'terngantuk']",1,2026-06-14,0
@YulianaPku-j7p,2026-06-14 14:51:42+00:00,Gila menang btr gg,0,YouTube,gila menang btr gg,"['gila', 'menang', 'btr', 'gg']",1,2026-06-14,0
@SH_Azmi,2026-06-14 14:51:39+00:00,Ler tolongin ler,1,YouTube,ler tolongin ler,"['ler', 'tolongin', 'ler']",0,2026-06-14,0
@JulianO-v3m,2026-06-14 14:51:30+00:00,Gg hertod,0,YouTube,gg hertod,"['gg', 'hertod']",0,2026-06-14,3
@MissDeeVlogs,2026-06-14 14:51:08+00:00,Coach panda is the Key!!! Congrats BTR!,0,YouTube,coach panda is the key congrats btr,"['coach', 'panda', 'is', 'the', 'key', 'congrats', 'btr']",0,2026-06-14,2
@raisnurd93,2026-06-14 14:50:58+00:00,congrats btr,0,YouTube,congrats btr,"['congrats', 'btr']",0,2026-06-14,2
@EgiSaputraa-mt8zi,2026-06-14 14:50:48+00:00,"Makan tuh kelra, pas ad Skyler mh menang tuh... Wkwkwk malah dibuang",0,YouTube,makan tuh kelra pas ad skyler mh menang tuh wkwkwk malah dibuang,"['makan', 'tuh', 'kelra', 'pas', 'ad', 'skyler', 'mh', 'menang', 'tuh', 'wkwkwk', 'malah', 'dibuang']",1,2026-06-14,0
@Qwertyqwerty-p7c2f,2026-06-14 14:50:40+00:00,Kejeniusan  hertod,1,YouTube,kejeniusan hertod,"['kejeniusan', 'hertod']",0,2026-06-14,0
@adiganteng-v3v,2026-06-14 14:50:29+00:00,Selamat BTR gg,0,YouTube,selamat btr gg,"['selamat', 'btr', 'gg']",0,2026-06-14,3
@JujuksSilit,2026-06-14 14:50:16+00:00,gokill,1,YouTube,gokill,['gokill'],0,2026-06-14,0
@Khairuluiiaia,2026-06-14 14:50:15+00:00,Alhamdulillah tim kebanggaan gw juaraa🔥🔥🔥🥲,1,YouTube,alhamdulillah tim kebanggaan saya juaraa,"['alhamdulillah', 'tim', 'kebanggaan', 'saya', 'juaraa']",1,2026-06-14,0
@andikha666,2026-06-14 14:50:05+00:00,Congratulations BTR🏆👏🏻,0,YouTube,congratulations btr,"['congratulations', 'btr']",0,2026-06-14,2
@nyawaygthankyou2141,2026-06-14 14:50:00+00:00,"GELOOO DARI YG AWAL UNDER HAMPIR GA MASUK PLAYOFF TERNYATA MALAH ANGKAT PIALA GELOO GELO,,,,, SI OREN MANA BISA KEK GINI UPSSSSS SORRY IZINNNNN",1,YouTube,gelooo dari yang awal under hampir tidak masuk playoff ternyata malah angkat piala geloo gelo si oren mana bisa kek gini upsssss sorry izinnnnn,"['gelooo', 'dari', 'yang', 'awal', 'under', 'hampir', 'tidak', 'masuk', 'playoff', 'ternyata', 'malah', 'angkat', 'piala', 'geloo', 'gelo', 'si', 'oren', 'mana', 'bisa', 'kek', 'gini', 'upsssss', 'sorry', 'izinnnnn']",1,2026-06-14,0
@RiVal-r2s,2026-06-14 14:49:58+00:00,Dari awal gw lihat kelra ny songong banget,0,YouTube,dari awal saya lihat kelra ny songong banget,"['dari', 'awal', 'saya', 'lihat', 'kelra', 'ny', 'songong', 'banget']",1,2026-06-14,0
@ululsip341,2026-06-14 14:49:56+00:00,Strategi si yebb dah kebaca... Tp masih g sadar2,0,YouTube,strategi si yebb dah kebaca tapi masih g sadar,"['strategi', 'si', 'yebb', 'dah', 'kebaca', 'tapi', 'masih', 'g', 'sadar']",1,2026-06-14,0
@Mondzy62,2026-06-14 14:49:35+00:00,"BTR tim anomali woylah,pemecah WS ONIC,pemecah LS RRQ,pemecah prediksi poster😂",2,YouTube,btr tim anomali woylah pemecah ws onic pemecah ls rrq pemecah prediksi poster,"['btr', 'tim', 'anomali', 'woylah', 'pemecah', 'ws', 'onic', 'pemecah', 'ls', 'rrq', 'pemecah', 'prediksi', 'poster']",1,2026-06-14,0
@muhammadfikri5506,2026-06-14 14:49:21+00:00,Akhirnya sudah ga liga tani,0,YouTube,akhirnya sudah tidak liga tani,"['akhirnya', 'sudah', 'tidak', 'liga', 'tani']",1,2026-06-14,0
@BIELGI999,2026-06-14 14:48:58+00:00,Ga nyangka BTR jir❤,0,YouTube,tidak nyangka btr jir,"['tidak', 'nyangka', 'btr', 'jir']",1,2026-06-14,0
@sadaddad1160,2026-06-14 14:48:25+00:00,moreno eman good hahaha Sonic mana,0,YouTube,moreno eman good hahaha sonic mana,"['moreno', 'eman', 'good', 'hahaha', 'sonic', 'mana']",0,2026-06-14,7
@Rinnnn579,2026-06-14 14:48:01+00:00,"SEENGGAKNYA SAMA SKYLAR JUARA MPL, WAKAKAKAKAKAKAKAKAK",2,YouTube,seenggaknya sama skylar juara mpl wakakakakakakakakak,"['seenggaknya', 'sama', 'skylar', 'juara', 'mpl', 'wakakakakakakakakak']",0,2026-06-14,0
@DoyzStyle,2026-06-14 14:47:55+00:00,btr tidak menyia-nyiakan tiker dari rrq,0,YouTube,btr tidak menyia nyiakan tiker dari rrq,"['btr', 'tidak', 'menyia', 'nyiakan', 'tiker', 'dari', 'rrq']",1,2026-06-14,-1
@TeksID-i3o,2026-06-14 14:47:36+00:00,"Nt onic kalian udh bnyk piala juga
Congrats btr akhirnya ada juara baru",1,YouTube,nt onic kalian sudah bnyk piala juga congrats btr akhirnya ada juara baru,"['nt', 'onic', 'kalian', 'sudah', 'bnyk', 'piala', 'juga', 'congrats', 'btr', 'akhirnya', 'ada', 'juara', 'baru']",1,2026-06-14,0
@rhmgamingid07xml,2026-06-14 14:47:10+00:00,"Ayo waktunya video master Analiyst #heroisgod1 dipersilahkan,,",0,YouTube,ayo waktunya video master analiyst dipersilahkan,"['ayo', 'waktunya', 'video', 'master', 'analiyst', 'dipersilahkan']",0,2026-06-14,-1
@DerivaADi,2026-06-14 14:46:56+00:00,Msc kita liat btr berkutik kah kena si tlph dan falcons,1,YouTube,msc kita liat btr berkutik kah kena si tlph dan falcons,"['msc', 'kita', 'liat', 'btr', 'berkutik', 'kah', 'kena', 'si', 'tlph', 'dan', 'falcons']",1,2026-06-14,-1
@Rayhan_4ja,2026-06-14 14:46:54+00:00,"Gg bgt btr,congrats ko ed penungguan yg sangat² lama daei s1 ggwp mor🔥🔥🔥",34,YouTube,gg banget btr congrats ko ed penungguan yang sangat² lama daei s ggwp mor,"['gg', 'banget', 'btr', 'congrats', 'ko', 'ed', 'penungguan', 'yang', 'sangat²', 'lama', 'daei', 's', 'ggwp', 'mor']",0,2026-06-14,-1
@bukojuice_11,2026-06-14 14:46:26+00:00,Patalo si Kelra na import lng Naputol na Dynasty Ng Onic haha ..,0,YouTube,patalo si kelra na import lng naputol na dynasty ng onic haha,"['patalo', 'si', 'kelra', 'na', 'import', 'lng', 'naputol', 'na', 'dynasty', 'ng', 'onic', 'haha']",0,2026-06-14,0
@andijulian-yq2om,2026-06-14 14:46:24+00:00,"Akhirnya ada juara baru....
Selamat Bigetron by vitality..",2,YouTube,akhirnya ada juara baru selamat bigetron by vitality,"['akhirnya', 'ada', 'juara', 'baru', 'selamat', 'bigetron', 'by', 'vitality']",0,2026-06-14,0
@ahmadtaufikhidayat3807,2026-06-14 14:45:57+00:00,"Selamat emann, akhirnya",0,YouTube,selamat emann akhirnya,"['selamat', 'emann', 'akhirnya']",0,2026-06-14,0
@hijriawati8668,2026-06-14 14:45:52+00:00,Nael gak mau salaman sama ko ed,0,YouTube,nael tidak mau salaman sama ko ed,"['nael', 'tidak', 'mau', 'salaman', 'sama', 'ko', 'ed']",1,2026-06-14,0
@ggntot-f8t,2026-06-14 14:45:51+00:00,king hertod,0,YouTube,king hertod,"['king', 'hertod']",0,2026-06-14,-1
@SoulfulStories8899,2026-06-14 14:45:47+00:00,btr is winner,0,YouTube,btr is winner,"['btr', 'is', 'winner']",0,2026-06-14,0
@QolbuChannel-tf4vl,2026-06-14 14:45:45+00:00,Final nya gak seru banget,0,YouTube,final nya tidak seru banget,"['final', 'nya', 'tidak', 'seru', 'banget']",1,2026-06-14,0
@robintheputra,2026-06-14 14:45:39+00:00,"Gila merinding, akhirnya kutukan liga tani pecah dan BTR juaranya ❤",1,YouTube,gila merinding akhirnya kutukan liga tani pecah dan btr juaranya,"['gila', 'merinding', 'akhirnya', 'kutukan', 'liga', 'tani', 'pecah', 'dan', 'btr', 'juaranya']",1,2026-06-14,0
@hahahayukk,2026-06-14 14:45:26+00:00,BTR vs bhot ya?,0,YouTube,btr vs bhot ya,"['btr', 'vs', 'bhot', 'ya']",0,2026-06-14,8
@EVOS_FAMS_Official,2026-06-14 14:45:21+00:00,"ONIC KEBANYAKAN TAUNTING JADI NYA POKE 😂😂😂 MANA KIBOYY RECAL RECAL NYAA, MENYALA BTR 🔥🔥🔥",1,YouTube,onic kebanyakan taunting jadi nya poke mana kiboyy recal recal nyaa menyala btr,"['onic', 'kebanyakan', 'taunting', 'jadi', 'nya', 'poke', 'mana', 'kiboyy', 'recal', 'recal', 'nyaa', 'menyala', 'btr']",1,2026-06-14,0
@faisalubaidillah1574,2026-06-14 14:45:17+00:00,Kalah onic kocak bacot doang,0,YouTube,kalah onic kocak bacot doang,"['kalah', 'onic', 'kocak', 'bacot', 'doang']",1,2026-06-14,0
@Alexanderyunus22,2026-06-14 14:45:16+00:00,Tanpa adi dan Skylar ranerup,0,YouTube,tanpa adi dan skylar ranerup,"['tanpa', 'adi', 'dan', 'skylar', 'ranerup']",0,2026-06-14,0
@rizalofficial1960,2026-06-14 14:45:08+00:00,Kata bopeng ada pegendong handal ternyata cuma runer up,0,YouTube,kata bopeng ada pegendong handal ternyata cuma runer up,"['kata', 'bopeng', 'ada', 'pegendong', 'handal', 'ternyata', 'cuma', 'runer', 'up']",1,2026-06-14,0
@ProduksiKonimex,2026-06-14 14:44:38+00:00,"tutorial baxia tanya nnael dah mar kumar, udah teruji sejak m5 awokawok",8,YouTube,tutorial baxia tanya nnael dah mar kumar sudah teruji sejak m awokawok,"['tutorial', 'baxia', 'tanya', 'nnael', 'dah', 'mar', 'kumar', 'sudah', 'teruji', 'sejak', 'm', 'awokawok']",1,2026-06-14,0
@FernandoTzy-s7i,2026-06-14 14:44:29+00:00,Congratulation BTR yang 1 nya ga usah orang udah sering juara,0,YouTube,congratulation btr yang nya tidak usah orang sudah sering juara,"['congratulation', 'btr', 'yang', 'nya', 'tidak', 'usah', 'orang', 'sudah', 'sering', 'juara']",1,2026-06-14,0
@ciatato3051,2026-06-14 14:44:17+00:00,"Kecap kelea, biasa aja tuh. Lebih jago Eman.",0,YouTube,kecap kelea biasa aja tuh lebih jago eman,"['kecap', 'kelea', 'biasa', 'aja', 'tuh', 'lebih', 'jago', 'eman']",0,2026-06-14,0
@Gotjie7,2026-06-14 14:43:16+00:00,"akhirnya ada warna baru MPL Indo, bukan ngebosenin yg sudah langganan dihajar team luar",63,YouTube,akhirnya ada warna baru mpl indo bukan ngebosenin yang sudah langganan dihajar team luar,"['akhirnya', 'ada', 'warna', 'baru', 'mpl', 'indo', 'bukan', 'ngebosenin', 'yang', 'sudah', 'langganan', 'dihajar', 'team', 'luar']",1,2026-06-14,5
@nickysteven418,2026-06-14 14:43:15+00:00,"tau kan alasan bukan onic yg dipilih Timnas, hasilnya uda ketebak dari sini haha pokenic",0,YouTube,tau kan alasan bukan onic yang dipilih timnas hasilnya uda ketebak dari sini haha pokenic,"['tau', 'kan', 'alasan', 'bukan', 'onic', 'yang', 'dipilih', 'timnas', 'hasilnya', 'uda', 'ketebak', 'dari', 'sini', 'haha', 'pokenic']",1,2026-06-14,0
@Kintan-k9k,2026-06-14 14:43:09+00:00,"KENAPA BTR JUARA? KRNA ONIC BOSEN JUARA, BIKIN ORANG LAIN SENANG KAN DAPAT PAHALA",0,YouTube,kenapa btr juara krna onic bosen juara bikin orang lain senang kan dapat pahala,"['kenapa', 'btr', 'juara', 'krna', 'onic', 'bosen', 'juara', 'bikin', 'orang', 'lain', 'senang', 'kan', 'dapat', 'pahala']",1,2026-06-14,0
@shelfixixii7159,2026-06-14 14:43:07+00:00,5:23:59 itu di cium ya?,0,YouTube,itu di cium ya,"['itu', 'di', 'cium', 'ya']",1,2026-06-14,0
@Doa-ig7jq,2026-06-14 14:43:04+00:00,RRQ kelinci percobaan😂😅😂😅,0,YouTube,rrq kelinci percobaan,"['rrq', 'kelinci', 'percobaan']",0,2026-06-14,4
@oiyyy-d3l,2026-06-14 14:42:59+00:00,Real jimat roby,0,YouTube,real jimat roby,"['real', 'jimat', 'roby']",0,2026-06-14,0
@khuchingkeren,2026-06-14 14:42:56+00:00,gelokkk BTR,0,YouTube,gelokkk btr,"['gelokkk', 'btr']",0,2026-06-14,0
@AnakSekolahan16,2026-06-14 14:42:50+00:00,Congrats BTR🥇🏆,0,YouTube,congrats btr,"['congrats', 'btr']",0,2026-06-14,2
@rokajisu,2026-06-14 14:42:50+00:00,Ga nyangka gw sumpah gg BTR,0,YouTube,tidak nyangka saya sumpah gg btr,"['tidak', 'nyangka', 'saya', 'sumpah', 'gg', 'btr']",1,2026-06-14,0
@Landrockboss,2026-06-14 14:42:40+00:00,Congrats BTR 🎉,0,YouTube,congrats btr,"['congrats', 'btr']",0,2026-06-14,2
@NINONINO-l7m,2026-06-14 14:42:36+00:00,Effect of Hertod😂,0,YouTube,effect of hertod,"['effect', 'of', 'hertod']",0,2026-06-14,6
@Wannn-p9s,2026-06-14 14:42:34+00:00,"Congrats BTR setelah sekian lama,bisa juga dapetin piala mpl season 17 ini",90,YouTube,congrats btr setelah sekian lama bisa juga dapetin piala mpl season ini,"['congrats', 'btr', 'setelah', 'sekian', 'lama', 'bisa', 'juga', 'dapetin', 'piala', 'mpl', 'season', 'ini']",0,2026-06-14,2
@AriAzhari-z5w,2026-06-14 14:42:27+00:00,Bang kelra banyak offside 😢😢😢,0,YouTube,bang kelra banyak offside,"['bang', 'kelra', 'banyak', 'offside']",1,2026-06-14,0
@FirmansyahArdiansyah-g2l,2026-06-14 14:42:24+00:00,Akhirnya liga tani indo pecah,0,YouTube,akhirnya liga tani indo pecah,"['akhirnya', 'liga', 'tani', 'indo', 'pecah']",1,2026-06-14,5
@REXA025wk,2026-06-14 14:42:03+00:00,BTR akhirnya nemuin tombol off pasif play offnya😂😂,1,YouTube,btr akhirnya nemuin tombol off pasif play offnya,"['btr', 'akhirnya', 'nemuin', 'tombol', 'off', 'pasif', 'play', 'offnya']",1,2026-06-14,8
@YoinkXFission,2026-06-14 14:41:54+00:00,"MPL paling plot twist baru gk sih?
BTR telah menyelamatkan dunia dari KEBISINGAN ygy
Jangan lupa Support BTR dan ONIC di EWC nanti, #Indopride #BTRWin #GoOnic",0,YouTube,mpl paling plot twist baru tidak sih btr telah menyelamatkan dunia dari kebisingan ygy jangan lupa support btr dan onic di ewc nanti,"['mpl', 'paling', 'plot', 'twist', 'baru', 'tidak', 'sih', 'btr', 'telah', 'menyelamatkan', 'dunia', 'dari', 'kebisingan', 'ygy', 'jangan', 'lupa', 'support', 'btr', 'dan', 'onic', 'di', 'ewc', 'nanti']",1,2026-06-14,9
@Owhhhmaga,2026-06-14 14:41:53+00:00,Gokillll btr,0,YouTube,gokillll btr,"['gokillll', 'btr']",0,2026-06-14,0
@OswaldPW,2026-06-14 14:41:45+00:00,Akhirnya bukan onic yg juara,2,YouTube,akhirnya bukan onic yang juara,"['akhirnya', 'bukan', 'onic', 'yang', 'juara']",1,2026-06-14,0
@azzziiiiiiiiiiii,2026-06-14 14:41:39+00:00,btr sedang memanen hasil daru petani😂,0,YouTube,btr sedang memanen hasil daru petani,"['btr', 'sedang', 'memanen', 'hasil', 'daru', 'petani']",0,2026-06-14,0
@finzgaming9790,2026-06-14 14:41:39+00:00,1 point ngehormatin onic,4,YouTube,point ngehormatin onic,"['point', 'ngehormatin', 'onic']",0,2026-06-14,0
@ValhallaxTan,2026-06-14 14:41:36+00:00,BTR mencegah kebisingan para karbit 😂,20,YouTube,btr mencegah kebisingan para karbit,"['btr', 'mencegah', 'kebisingan', 'para', 'karbit']",0,2026-06-14,9
@Senimansalaf24,2026-06-14 14:41:35+00:00,Gelo tim yang di selamatkan rrq lolos playof akhir nya juara🎉🎉🎉,1,YouTube,gelo tim yang di selamatkan rrq lolos playof akhir nya juara,"['gelo', 'tim', 'yang', 'di', 'selamatkan', 'rrq', 'lolos', 'playof', 'akhir', 'nya', 'juara']",1,2026-06-14,0
@WisnuNrwijaya,2026-06-14 14:41:34+00:00,MPL SEKARANG GAK SERU!!! B AJA MAU SIAPAPUN YANG JUARA! BTW CONGRATULATIONS BTR! FLAT AJE ALUR NYE WKWKWK,0,YouTube,mpl sekarang tidak seru b aja mau siapapun yang juara btw congratulations btr flat aje alur nye wkwkwk,"['mpl', 'sekarang', 'tidak', 'seru', 'b', 'aja', 'mau', 'siapapun', 'yang', 'juara', 'btw', 'congratulations', 'btr', 'flat', 'aje', 'alur', 'nye', 'wkwkwk']",1,2026-06-14,0
@ArsyilAzhiim-g5u,2026-06-14 14:41:33+00:00,NT kelra ga bisa bawa pulang piala mpl id untuk ayahmu yang sudah berada di atas😢😢😢😢,2,YouTube,nt kelra tidak bisa bawa pulang piala mpl id untuk ayahmu yang sudah berada di atas,"['nt', 'kelra', 'tidak', 'bisa', 'bawa', 'pulang', 'piala', 'mpl', 'id', 'untuk', 'ayahmu', 'yang', 'sudah', 'berada', 'di', 'atas']",1,2026-06-14,0
@CyanWolfer,2026-06-14 14:41:31+00:00,"*[ ONIC —VS— BTR ]*

[ Before Match ]
• Player Intro 1:31:04

[ Match ]
• Game 1 - Draft 1:45:44 - Start 1:54:59
• Game 2 - Draft 2:25:26 - Start 2:35:44
• Game 3 - Draft 3:26:15 - Start 3:33:47
- Mic Check 4:09:40
• Game 4 - Draft 4:13:23 - Start 4:22:40
• Game 5 - Draft 5:01:13 - Start 5:07:42

[ After Match ]
• Winning Moment 5:20:58
• Champion 5:25:32
────────────────────
*— CyanWolfer —*",262,YouTube,onic —vs— btr before match • player intro match • game draft start • game draft start • game draft start mic check • game draft start • game draft start after match • winning moment • champion ──────────────────── — cyanwolfer —,"['onic', '—vs—', 'btr', 'before', 'match', '•', 'player', 'intro', 'match', '•', 'game', 'draft', 'start', '•', 'game', 'draft', 'start', '•', 'game', 'draft', 'start', 'mic', 'check', '•', 'game', 'draft', 'start', '•', 'game', 'draft', 'start', 'after', 'match', '•', 'winning', 'moment', '•', 'champion', '────────────────────', '—', 'cyanwolfer', '—']",0,2026-06-14,-1
@youngdam210,2026-06-14 14:41:25+00:00,semua akan btr pada waktunya,1,YouTube,semua akan btr pada waktunya,"['semua', 'akan', 'btr', 'pada', 'waktunya']",1,2026-06-14,0
@leo_29R,2026-06-14 14:41:19+00:00,"begatron by vitalty menang 🤩🎉
onic kalah 😢😭

semoga bisa lebih jago lagi onic jangan nyerah 😁

gw supporter nya onic 💖",1,YouTube,begatron by vitalty menang onic kalah semoga bisa lebih jago lagi onic jangan nyerah saya supporter nya onic,"['begatron', 'by', 'vitalty', 'menang', 'onic', 'kalah', 'semoga', 'bisa', 'lebih', 'jago', 'lagi', 'onic', 'jangan', 'nyerah', 'saya', 'supporter', 'nya', 'onic']",1,2026-06-14,0
@Geryyy-s4j,2026-06-14 14:41:18+00:00,Mpl? Skor 4 0 nya mana GK terima amat kalo onic kalah,0,YouTube,mpl skor nya mana tidak terima amat kalau onic kalah,"['mpl', 'skor', 'nya', 'mana', 'tidak', 'terima', 'amat', 'kalau', 'onic', 'kalah']",1,2026-06-14,0
@HImuk-c6w,2026-06-14 14:41:07+00:00,hahahhahhah,0,YouTube,hahahhahhah,['hahahhahhah'],0,2026-06-14,0
@phaopula92,2026-06-14 14:40:59+00:00,"Hertod bikin video baru pasti ntar judulnya ""oi tot gw abis aja ngejuarain Tim btr"" 😂",61,YouTube,hertod bikin video baru pasti ntar judulnya oi tot saya abis aja ngejuarain tim btr,"['hertod', 'bikin', 'video', 'baru', 'pasti', 'ntar', 'judulnya', 'oi', 'tot', 'saya', 'abis', 'aja', 'ngejuarain', 'tim', 'btr']",1,2026-06-14,-1
@RZGN29,2026-06-14 14:40:40+00:00,Gelo hertod,1,YouTube,gelo hertod,"['gelo', 'hertod']",1,2026-06-14,0
@SanSwitchz,2026-06-14 14:40:33+00:00,akhirnya ko ed juara juga,0,YouTube,akhirnya ko ed juara juga,"['akhirnya', 'ko', 'ed', 'juara', 'juga']",0,2026-06-14,0
@twc7189,2026-06-14 14:40:32+00:00,MPL tersepi jir viewsnya kagak sampe 3 juta semakin turun mulu viewsnya 😂,0,YouTube,mpl tersepi jir viewsnya kagak sampe juta semakin turun mulu viewsnya,"['mpl', 'tersepi', 'jir', 'viewsnya', 'kagak', 'sampe', 'juta', 'semakin', 'turun', 'mulu', 'viewsnya']",1,2026-06-14,0
@Tetsu_Titsu_Vrs20,2026-06-14 14:40:32+00:00,Akhirnya makasih bestie BTR sudah memecah kan Liga Tani,0,YouTube,akhirnya makasih bestie btr sudah memecah kan liga tani,"['akhirnya', 'makasih', 'bestie', 'btr', 'sudah', 'memecah', 'kan', 'liga', 'tani']",1,2026-06-14,0
@fikrihaikal9871,2026-06-14 14:40:16+00:00,Akhirnya ada juara baru 🔥🔥🔥,0,YouTube,akhirnya ada juara baru,"['akhirnya', 'ada', 'juara', 'baru']",1,2026-06-14,0
@alifanjaayyaniofficial6493,2026-06-14 14:40:01+00:00,"akhirnya ga si emaaannn, lu udah main di indo berapa season njir dan pada akhirnya setelah penantian lama lu di indo juara juga😭",0,YouTube,akhirnya tidak si emaaannn kamu sudah main di indo berapa season njir dan pada akhirnya setelah penantian lama kamu di indo juara juga,"['akhirnya', 'tidak', 'si', 'emaaannn', 'kamu', 'sudah', 'main', 'di', 'indo', 'berapa', 'season', 'njir', 'dan', 'pada', 'akhirnya', 'setelah', 'penantian', 'lama', 'kamu', 'di', 'indo', 'juara', 'juga']",1,2026-06-14,5
@m.abdulkholiq7171,2026-06-14 14:39:59+00:00,ga sia-sia pindah haluan dari yg awalnya dukung geek sekarang jadi bagian dari btr ya HERTOD😊 keren sukses selalu😊,17,YouTube,tidak sia sia pindah haluan dari yang awalnya dukung geek sekarang jadi bagian dari btr ya hertod keren sukses selalu,"['tidak', 'sia', 'sia', 'pindah', 'haluan', 'dari', 'yang', 'awalnya', 'dukung', 'geek', 'sekarang', 'jadi', 'bagian', 'dari', 'btr', 'ya', 'hertod', 'keren', 'sukses', 'selalu']",1,2026-06-14,0
@faizalfairuz5037,2026-06-14 14:39:51+00:00,Arsenal = Bigetron,0,YouTube,arsenal bigetron,"['arsenal', 'bigetron']",0,2026-06-14,0
@CleoneVorleen,2026-06-14 14:39:50+00:00,"Baru season lalu aku dukung BTR eh season ini juara, LESGO BTR AMBIL PIALA MSC ITU❤❤",9,YouTube,baru season lalu aku dukung btr eh season ini juara lesgo btr ambil piala msc itu,"['baru', 'season', 'lalu', 'aku', 'dukung', 'btr', 'eh', 'season', 'ini', 'juara', 'lesgo', 'btr', 'ambil', 'piala', 'msc', 'itu']",1,2026-06-14,0
@aryaalmizan559,2026-06-14 14:39:49+00:00,"congrats king btr , dari fans ae btw",7,YouTube,congrats king btr dari fans ae btw,"['congrats', 'king', 'btr', 'dari', 'fans', 'ae', 'btw']",0,2026-06-14,-1
@DanniArnawan-h9e,2026-06-14 14:39:41+00:00,Kelinci yg kini menjadi kangguru,0,YouTube,kelinci yang kini menjadi kangguru,"['kelinci', 'yang', 'kini', 'menjadi', 'kangguru']",0,2026-06-14,4
@uzgaming09,2026-06-14 14:39:23+00:00,Akhir nya eman😢,0,YouTube,akhir nya eman,"['akhir', 'nya', 'eman']",0,2026-06-14,0
@miwaa_xhh,2026-06-14 14:39:16+00:00,Di obok2 btr njr😜🏆,1,YouTube,di obok btr njr,"['di', 'obok', 'btr', 'njr']",0,2026-06-14,0
@AdivaSavinap,2026-06-14 14:39:06+00:00,Yeb tolong yeb😂😂,0,YouTube,yeb tolong yeb,"['yeb', 'tolong', 'yeb']",1,2026-06-14,0
@oppotsa6827,2026-06-14 14:39:00+00:00,"Keren BTR membuat mpl indo jadi nggak liga tani lagi,buat tim tim lain improve lagi dong mungkin aja season yang akan datang jdi milik tim lain jangan jadikan liga tani lagi👍🏻",0,YouTube,keren btr membuat mpl indo jadi nggak liga tani lagi buat tim tim lain improve lagi dong mungkin aja season yang akan datang jdi milik tim lain jangan jadikan liga tani lagi,"['keren', 'btr', 'membuat', 'mpl', 'indo', 'jadi', 'nggak', 'liga', 'tani', 'lagi', 'buat', 'tim', 'tim', 'lain', 'improve', 'lagi', 'dong', 'mungkin', 'aja', 'season', 'yang', 'akan', 'datang', 'jdi', 'milik', 'tim', 'lain', 'jangan', 'jadikan', 'liga', 'tani', 'lagi']",1,2026-06-14,5
@SitTepu,2026-06-14 14:39:00+00:00,Tapi onic kayak bisa aja ya,0,YouTube,tapi onic kayak bisa aja ya,"['tapi', 'onic', 'kayak', 'bisa', 'aja', 'ya']",0,2026-06-14,0
@TriPrasetyo-m7e3f,2026-06-14 14:38:47+00:00,Yeyy ❤❤❤,0,YouTube,yeyy,['yeyy'],0,2026-06-14,0
@DevaNgga-w8z,2026-06-14 14:38:42+00:00,gg btr,0,YouTube,gg btr,"['gg', 'btr']",0,2026-06-14,3
@mmchannel2457,2026-06-14 14:38:39+00:00,Final paling sedikit recall2 nya 😂..,1,YouTube,final paling sedikit recall nya,"['final', 'paling', 'sedikit', 'recall', 'nya']",1,2026-06-14,0
@dongkalrangers,2026-06-14 14:38:38+00:00,B0T,0,YouTube,b t,"['b', 't']",0,2026-06-14,0
@Someone.N1KA,2026-06-14 14:38:37+00:00,"kedua kalinya onic di bantai

RRQ 4 - 1 ONIC S9
BTR 4 - 1 ONIC S17

btw sekarang tanggal 1-4 ya wkwkwkw",0,YouTube,kedua kalinya onic di bantai rrq onic s btr onic s btw sekarang tanggal ya wkwkwkw,"['kedua', 'kalinya', 'onic', 'di', 'bantai', 'rrq', 'onic', 's', 'btr', 'onic', 's', 'btw', 'sekarang', 'tanggal', 'ya', 'wkwkwkw']",1,2026-06-14,0
@JheriskiAdelio-s9m,2026-06-14 14:38:37+00:00,Mpl s17 indo ga seru banyak setingan udh d tebak permintaan Sanz aja mau nya ketemu BTR terus udh ketauan d seting,0,YouTube,mpl s indo tidak seru banyak setingan sudah d tebak permintaan sanz aja mau nya ketemu btr terus sudah ketauan d seting,"['mpl', 's', 'indo', 'tidak', 'seru', 'banyak', 'setingan', 'sudah', 'd', 'tebak', 'permintaan', 'sanz', 'aja', 'mau', 'nya', 'ketemu', 'btr', 'terus', 'sudah', 'ketauan', 'd', 'seting']",1,2026-06-14,0
@mohamadimam6818,2026-06-14 14:38:36+00:00,awl,0,YouTube,awl,['awl'],0,2026-06-14,0
@r4maaaw.dn30,2026-06-14 14:38:30+00:00,makasih btr telah menyelamatkan dunia dari kebisingan,6,YouTube,makasih btr telah menyelamatkan dunia dari kebisingan,"['makasih', 'btr', 'telah', 'menyelamatkan', 'dunia', 'dari', 'kebisingan']",1,2026-06-14,9
@Bayongskuy,2026-06-14 14:38:21+00:00,"ONIC TIDUR SUDAH MALAM, BESOK TAMBAHIN PHNYA LAGI AKWKAKWKAKWK",3,YouTube,onic tidur sudah malam besok tambahin phnya lagi akwkakwkakwk,"['onic', 'tidur', 'sudah', 'malam', 'besok', 'tambahin', 'phnya', 'lagi', 'akwkakwkakwk']",1,2026-06-14,0
@akunsosmed-fp9lu,2026-06-14 14:38:20+00:00,"oii Tod,
panggil gue King Tod 👑",0,YouTube,oii tod panggil saya king tod,"['oii', 'tod', 'panggil', 'saya', 'king', 'tod']",1,2026-06-14,-1
@raztok22,2026-06-14 14:38:09+00:00,"Walaupun aku Sonic, tapi aku tetap senang karena BTR juara, keep strong BTR💪",3,YouTube,walaupun aku sonic tapi aku tetap senang karena btr juara keep strong btr,"['walaupun', 'aku', 'sonic', 'tapi', 'aku', 'tetap', 'senang', 'karena', 'btr', 'juara', 'keep', 'strong', 'btr']",1,2026-06-14,0
@taufiqlegen88,2026-06-14 14:38:05+00:00,Gelo hertod mode grand final,4,YouTube,gelo hertod mode grand final,"['gelo', 'hertod', 'mode', 'grand', 'final']",1,2026-06-14,0
@AbidAhmad-v3s,2026-06-14 14:38:03+00:00,"mana combeck nya onic, Landak lawan robot tinggal di injak langsung penyet",0,YouTube,mana combeck nya onic landak lawan robot tinggal di injak langsung penyet,"['mana', 'combeck', 'nya', 'onic', 'landak', 'lawan', 'robot', 'tinggal', 'di', 'injak', 'langsung', 'penyet']",1,2026-06-14,4
@makarabustamuhammadalip6765,2026-06-14 14:37:40+00:00,Onic bagi biar byr seneg,0,YouTube,onic bagi biar byr seneg,"['onic', 'bagi', 'biar', 'byr', 'seneg']",1,2026-06-14,0
@alonthoni,2026-06-14 14:37:40+00:00,"jadi inget badasnya winstreak onik diawal2 musim..

kini semuanya runtuh dilaga pamungkas ini",1,YouTube,jadi inget badasnya winstreak onik diawal musim kini semuanya runtuh dilaga pamungkas ini,"['jadi', 'inget', 'badasnya', 'winstreak', 'onik', 'diawal', 'musim', 'kini', 'semuanya', 'runtuh', 'dilaga', 'pamungkas', 'ini']",1,2026-06-14,0
@Misal14TV,2026-06-14 14:37:39+00:00,"Sedih onic ga juara , BANGGA KARNA ADA JUARA BARU. JADI LEBIH BANYAK WARNA... mantapppp dulu di jadiin kelinci percobaan sama #9",0,YouTube,sedih onic tidak juara bangga karna ada juara baru jadi lebih banyak warna mantapppp dulu di jadiin kelinci percobaan sama,"['sedih', 'onic', 'tidak', 'juara', 'bangga', 'karna', 'ada', 'juara', 'baru', 'jadi', 'lebih', 'banyak', 'warna', 'mantapppp', 'dulu', 'di', 'jadiin', 'kelinci', 'percobaan', 'sama']",1,2026-06-14,0
@DKDanish-h8c,2026-06-14 14:37:37+00:00,Mana JJ onic kalah wkwkwkwk,0,YouTube,mana jj onic kalah wkwkwkwk,"['mana', 'jj', 'onic', 'kalah', 'wkwkwkwk']",1,2026-06-14,0
@helmiharun3969,2026-06-14 14:37:36+00:00,Siasat team Onic,1,YouTube,siasat team onic,"['siasat', 'team', 'onic']",0,2026-06-14,0
@pahmiani9534,2026-06-14 14:37:29+00:00,"Gppa deh onic kalah yang penting ikut msc deh, selamat juga ya buat bigetron ikut bangga akhirnya menang 
Salam dari Sonic😭🙏🏻",5,YouTube,gppa deh onic kalah yang penting ikut msc deh selamat juga ya buat bigetron ikut bangga akhirnya menang salam dari sonic,"['gppa', 'deh', 'onic', 'kalah', 'yang', 'penting', 'ikut', 'msc', 'deh', 'selamat', 'juga', 'ya', 'buat', 'bigetron', 'ikut', 'bangga', 'akhirnya', 'menang', 'salam', 'dari', 'sonic']",1,2026-06-14,0
@IlhamPratama-f1k,2026-06-14 14:37:29+00:00,Nt raja langit,1,YouTube,nt raja langit,"['nt', 'raja', 'langit']",0,2026-06-14,0
@Rido_77,2026-06-14 14:37:19+00:00,Alhamdulillah btr juara🎉setelah sekian lama gw nungguin momen ini😮‍💨,92,YouTube,alhamdulillah btr juarasetelah sekian lama saya nungguin momen ini,"['alhamdulillah', 'btr', 'juarasetelah', 'sekian', 'lama', 'saya', 'nungguin', 'momen', 'ini']",1,2026-06-14,0
@taufikmhd8956,2026-06-14 14:37:16+00:00,Akhirnya onic tidak juara,0,YouTube,akhirnya onic tidak juara,"['akhirnya', 'onic', 'tidak', 'juara']",1,2026-06-14,0
@The-king-of-ONIC,2026-06-14 14:37:14+00:00,YG PENTING PAS Play-off STABIL KGK PECAH PECAH WKWKWKWK,1,YouTube,yang penting pas play off stabil kgk pecah pecah wkwkwkwk,"['yang', 'penting', 'pas', 'play', 'off', 'stabil', 'kgk', 'pecah', 'pecah', 'wkwkwkwk']",1,2026-06-14,-1
@terrencebraydentang2782,2026-06-14 14:37:11+00:00,Liga tani pecah,0,YouTube,liga tani pecah,"['liga', 'tani', 'pecah']",0,2026-06-14,0
@QueenRina-v9p,2026-06-14 14:37:08+00:00,anjir serius ? HERTODDDD ???,0,YouTube,anjir serius hertodddd,"['anjir', 'serius', 'hertodddd']",1,2026-06-14,0
@wahyuniningsi,2026-06-14 14:37:08+00:00,CONGRATS BTR,1,YouTube,congrats btr,"['congrats', 'btr']",0,2026-06-14,2
@aguzepen7267,2026-06-14 14:37:06+00:00,Masalah nya kacamata,0,YouTube,masalah nya kacamata,"['masalah', 'nya', 'kacamata']",1,2026-06-14,0
@Mondzy62,2026-06-14 14:37:03+00:00,"Banyak yg remehin BTR,mereka lupa bahwa tim ini anomali pemecah segala streak",1,YouTube,banyak yang remehin btr mereka lupa bahwa tim ini anomali pemecah segala streak,"['banyak', 'yang', 'remehin', 'btr', 'mereka', 'lupa', 'bahwa', 'tim', 'ini', 'anomali', 'pemecah', 'segala', 'streak']",1,2026-06-14,0
@hazziqhensem2207,2026-06-14 14:37:00+00:00,Gua respek aja btr tapi kalo ngatain ya gua counter aja pake emang btr bisa menang mpl 8kali gitu,0,YouTube,gua respek aja btr tapi kalau ngatain ya gua counter aja pake emang btr bisa menang mpl kali gitu,"['gua', 'respek', 'aja', 'btr', 'tapi', 'kalau', 'ngatain', 'ya', 'gua', 'counter', 'aja', 'pake', 'emang', 'btr', 'bisa', 'menang', 'mpl', 'kali', 'gitu']",1,2026-06-14,0
@bekantan4579,2026-06-14 14:36:58+00:00,Akhirnya emannn🎉congratulations,15,YouTube,akhirnya emannncongratulations,"['akhirnya', 'emannncongratulations']",0,2026-06-14,2
@BSGood-e5o,2026-06-14 14:36:47+00:00,Congratulations hertot🎉🎉🎉(walaupun nyesek onic harus kalah 🥲),0,YouTube,congratulations hertot walaupun nyesek onic harus kalah,"['congratulations', 'hertot', 'walaupun', 'nyesek', 'onic', 'harus', 'kalah']",1,2026-06-14,0
@RuqView,2026-06-14 14:36:41+00:00,"1:45:22 DRAFT GAME 1
1:54:58 GAME 1 BTR WIN
2:25:26 DRAFT GAME 2
2:35:39 GAME 2 BTR WIN
3:26:16 DRAFT GAME 3
3:33:43 GAME 3 BTR WIN
4:13:22 DRAFT GAME 4
4:22:42 GAME 4 ONIC WIN
5:01:07 DRAFT GAME 5
5:07:36 GAME 5 BTR WIN CHAMPIONN
CONGRATS BIGETRON BY VITALITY SEMOGA BISA MEMBAWA PULANG PIALA MSC X EWC",1,YouTube,draft game game btr win draft game game btr win draft game game btr win draft game game onic win draft game game btr win championn congrats bigetron by vitality semoga bisa membawa pulang piala msc x ewc,"['draft', 'game', 'game', 'btr', 'win', 'draft', 'game', 'game', 'btr', 'win', 'draft', 'game', 'game', 'btr', 'win', 'draft', 'game', 'game', 'onic', 'win', 'draft', 'game', 'game', 'btr', 'win', 'championn', 'congrats', 'bigetron', 'by', 'vitality', 'semoga', 'bisa', 'membawa', 'pulang', 'piala', 'msc', 'x', 'ewc']",0,2026-06-14,2
@famsm-1,2026-06-14 14:36:40+00:00,ONIC AYAM KUNING PETOK PETOK🐤🐤🐤🐤🐤🐤🐤,0,YouTube,onic ayam kuning petok petok,"['onic', 'ayam', 'kuning', 'petok', 'petok']",1,2026-06-14,0
@Laputas33,2026-06-14 14:36:37+00:00,"2 Kata lucu
SENGAJA KALAH",1,YouTube,kata lucu sengaja kalah,"['kata', 'lucu', 'sengaja', 'kalah']",1,2026-06-14,0
@mochtarlukman938,2026-06-14 14:36:36+00:00,BTR MENYELAMATKAN ML,0,YouTube,btr menyelamatkan ml,"['btr', 'menyelamatkan', 'ml']",0,2026-06-14,0
@WaterKlemer,2026-06-14 14:36:31+00:00,Gw akui main lu kompak banget btr salam dari sonic,0,YouTube,saya akui main kamu kompak banget btr salam dari sonic,"['saya', 'akui', 'main', 'kamu', 'kompak', 'banget', 'btr', 'salam', 'dari', 'sonic']",1,2026-06-14,7
@erlazuana6709,2026-06-14 14:36:25+00:00,gg btrr 💜,0,YouTube,gg btrr,"['gg', 'btrr']",0,2026-06-14,3
@fathurrahman2004,2026-06-14 14:36:21+00:00,"Ya baguslah, ga onic onic mulu",0,YouTube,ya baguslah tidak onic onic mulu,"['ya', 'baguslah', 'tidak', 'onic', 'onic', 'mulu']",1,2026-06-14,0
@YuyunYuli-y1q,2026-06-14 14:36:19+00:00,p,0,YouTube,p,['p'],0,2026-06-14,1
@AzzamHaqqiqMursyidan,2026-06-14 14:36:17+00:00,Respect kita harus dukung dua duanya karena onic satu satunya perwakilan indo karena btr di claim paris. Btw gg btr salam dari sonic,2,YouTube,respect kita harus dukung dua duanya karena onic satu satunya perwakilan indo karena btr di claim paris btw gg btr salam dari sonic,"['respect', 'kita', 'harus', 'dukung', 'dua', 'duanya', 'karena', 'onic', 'satu', 'satunya', 'perwakilan', 'indo', 'karena', 'btr', 'di', 'claim', 'paris', 'btw', 'gg', 'btr', 'salam', 'dari', 'sonic']",1,2026-06-14,5
@HendrikKurniawan-u3h,2026-06-14 14:36:17+00:00,Skor brp,0,YouTube,skor brp,"['skor', 'brp']",0,2026-06-14,0
@kmlldnta,2026-06-14 14:36:16+00:00,CONGRATS BTR!!!,1,YouTube,congrats btr,"['congrats', 'btr']",0,2026-06-14,2
@VinzzSukaChoco,2026-06-14 14:36:09+00:00,Congratulation,2,YouTube,congratulation,['congratulation'],0,2026-06-14,2
@sisintiaa,2026-06-14 14:36:06+00:00,GG HERTODDD,0,YouTube,gg hertoddd,"['gg', 'hertoddd']",0,2026-06-14,3
@ivanaffandy5676,2026-06-14 14:36:03+00:00,BTR GAK BAKALAN MENANG APALAGI ADA KUDANNAEL,0,YouTube,btr tidak bakalan menang apalagi ada kudannael,"['btr', 'tidak', 'bakalan', 'menang', 'apalagi', 'ada', 'kudannael']",1,2026-06-14,0
@rizalofficial1960,2026-06-14 14:36:03+00:00,Kelra masuk onic malah bikin gagal juara😂 mending pas Skylar dong,0,YouTube,kelra masuk onic malah bikin gagal juara mending pas skylar dong,"['kelra', 'masuk', 'onic', 'malah', 'bikin', 'gagal', 'juara', 'mending', 'pas', 'skylar', 'dong']",1,2026-06-14,0
@ROHMANMUHAMMADFDLLUR,2026-06-14 14:35:59+00:00,menang btr anjay,1,YouTube,menang btr anjay,"['menang', 'btr', 'anjay']",1,2026-06-14,0
@RZEEditUltra,2026-06-14 14:35:54+00:00,Akhirnya mpl id sdh bukan liga tani lagi😌,0,YouTube,akhirnya mpl id sdh bukan liga tani lagi,"['akhirnya', 'mpl', 'id', 'sdh', 'bukan', 'liga', 'tani', 'lagi']",1,2026-06-14,0
@rhmgamingid07xml,2026-06-14 14:35:49+00:00,HERTOODDD ni BOSSSSS,0,YouTube,hertooddd ni bosssss,"['hertooddd', 'ni', 'bosssss']",0,2026-06-14,0
@RiyanaUlly,2026-06-14 14:35:46+00:00,"Bru aja kmaren gw ngomong... Ngga seru mpl skrg juara nya itu"" aja... Eh malah di patahkan oleh BTR... Wahhh ngga nyangka.. selamat buat BTR🔥🔥🔥",2,YouTube,bru aja kmaren saya ngomong ngga seru mpl skrg juara nya itu aja eh malah di patahkan oleh btr wahhh ngga nyangka selamat buat btr,"['bru', 'aja', 'kmaren', 'saya', 'ngomong', 'ngga', 'seru', 'mpl', 'skrg', 'juara', 'nya', 'itu', 'aja', 'eh', 'malah', 'di', 'patahkan', 'oleh', 'btr', 'wahhh', 'ngga', 'nyangka', 'selamat', 'buat', 'btr']",1,2026-06-14,0
@Karltzy-Kyy,2026-06-14 14:35:45+00:00,"Btw yg tdi brisik di komentar live itu fansnya tim yg gk lolos po kan wkwkwk😅😂

btw selamat buat bigetron atas juaranya🎉🏆",0,YouTube,btw yang tdi brisik di komentar live itu fansnya tim yang tidak lolos po kan wkwkwk btw selamat buat bigetron atas juaranya,"['btw', 'yang', 'tdi', 'brisik', 'di', 'komentar', 'live', 'itu', 'fansnya', 'tim', 'yang', 'tidak', 'lolos', 'po', 'kan', 'wkwkwk', 'btw', 'selamat', 'buat', 'bigetron', 'atas', 'juaranya']",1,2026-06-14,0
@hoshikunyuk,2026-06-14 14:35:43+00:00,Diatas xepher masih ada hertod 🥶🥶,0,YouTube,diatas xepher masih ada hertod,"['diatas', 'xepher', 'masih', 'ada', 'hertod']",1,2026-06-14,0
@cipiyaaa3241,2026-06-14 14:35:39+00:00,"NANGIS BNGET AKHIRNYA BTR KU JUARA SJJSJSB, NT BUAT ONIC, YUK 22NYA KASIH YANG TERBAIK BUAT EWC😭😭😭😭❤️❤️",48,YouTube,nangis banget akhirnya btr ku juara sjjsjsb nt buat onic yuk nya kasih yang terbaik buat ewc,"['nangis', 'banget', 'akhirnya', 'btr', 'ku', 'juara', 'sjjsjsb', 'nt', 'buat', 'onic', 'yuk', 'nya', 'kasih', 'yang', 'terbaik', 'buat', 'ewc']",0,2026-06-14,0
@MobileAkun-c1d,2026-06-14 14:35:31+00:00,keren,0,YouTube,keren,['keren'],0,2026-06-14,0
@AkunraditRadit-c2e,2026-06-14 14:35:26+00:00,hertod effect is real,0,YouTube,hertod effect is real,"['hertod', 'effect', 'is', 'real']",0,2026-06-14,6
@hazziqhensem2207,2026-06-14 14:35:26+00:00,0:15 0:17 0:18 0:18 0:18 0:18 0:18 0:19 0:19 0:19 0:19 0:19 0:20 0:20 0:20 0:20 0:20 0:21,0,YouTube,,[],0,2026-06-14,1
@Haki01-w5r,2026-06-14 14:35:23+00:00,Prime bigetron cuma di angka 7,0,YouTube,prime bigetron cuma di angka,"['prime', 'bigetron', 'cuma', 'di', 'angka']",1,2026-06-14,0
@Mondzy62,2026-06-14 14:35:19+00:00,"MORENO layak sih MVP, setelah kalah kemarin gara2 vote akhirnya balas dendam di final",1,YouTube,moreno layak sih mvp setelah kalah kemarin gara vote akhirnya balas dendam di final,"['moreno', 'layak', 'sih', 'mvp', 'setelah', 'kalah', 'kemarin', 'gara', 'vote', 'akhirnya', 'balas', 'dendam', 'di', 'final']",1,2026-06-14,0
@Rimvus,2026-06-14 14:35:15+00:00,Sonic jangan nangis 😂,0,YouTube,sonic jangan nangis,"['sonic', 'jangan', 'nangis']",1,2026-06-14,7
@Friz_sukasawit,2026-06-14 14:35:14+00:00,Agak kecewa Ama onic🥀,0,YouTube,agak kecewa ama onic,"['agak', 'kecewa', 'ama', 'onic']",0,2026-06-14,0
@arkha-dl,2026-06-14 14:35:12+00:00,Apa maksud 5:34:42 harusnya double mvp?,1,YouTube,apa maksud harusnya double mvp,"['apa', 'maksud', 'harusnya', 'double', 'mvp']",1,2026-06-14,0
@IGILPangestu,2026-06-14 14:35:07+00:00,"Kesimpulannya. SKYLAR Adalah king gold lane di ONIC. 
KELRA BEBAN",0,YouTube,kesimpulannya skylar adalah king gold lane di onic kelra beban,"['kesimpulannya', 'skylar', 'adalah', 'king', 'gold', 'lane', 'di', 'onic', 'kelra', 'beban']",1,2026-06-14,0
@pantekkj,2026-06-14 14:35:04+00:00,WR Robby 100% jirr,1,YouTube,wr robby jirr,"['wr', 'robby', 'jirr']",0,2026-06-14,0
@duniapargeman,2026-06-14 14:34:52+00:00,Makan tu kelra 😂😂😂😂,0,YouTube,makan tu kelra,"['makan', 'tu', 'kelra']",1,2026-06-14,0
@Pure21-y6t,2026-06-14 14:34:52+00:00,mantap tidak jadi season liga tani,0,YouTube,mantap tidak jadi season liga tani,"['mantap', 'tidak', 'jadi', 'season', 'liga', 'tani']",1,2026-06-14,0
@VrilloGaming,2026-06-14 14:34:44+00:00,MENDING HERTOD AJA YANG JADI COACH TIMNAS DARIPADA KeJEniUsAN sEPeR,1,YouTube,mending hertod aja yang jadi coach timnas daripada kejeniusan seper,"['mending', 'hertod', 'aja', 'yang', 'jadi', 'coach', 'timnas', 'daripada', 'kejeniusan', 'seper']",1,2026-06-14,0
@jr.09barikade69,2026-06-14 14:34:42+00:00,Gila2 dres item mulusnyaaa,1,YouTube,gila dres item mulusnyaaa,"['gila', 'dres', 'item', 'mulusnyaaa']",1,2026-06-14,0
@ucievaltini5802,2026-06-14 14:34:22+00:00,"nice game, nice try onic, good game btt",1,YouTube,nice game nice try onic good game btt,"['nice', 'game', 'nice', 'try', 'onic', 'good', 'game', 'btt']",0,2026-06-14,0
@Waduhhhc,2026-06-14 14:34:06+00:00,BTR ga salah milih Analis Hertod,0,YouTube,btr tidak salah milih analis hertod,"['btr', 'tidak', 'salah', 'milih', 'analis', 'hertod']",1,2026-06-14,3
@KuahBaso69,2026-06-14 14:34:05+00:00,udah ada yeb udah ada kelra padahal hampi di bikin telor sama btr,0,YouTube,sudah ada yeb sudah ada kelra padahal hampi di bikin telor sama btr,"['sudah', 'ada', 'yeb', 'sudah', 'ada', 'kelra', 'padahal', 'hampi', 'di', 'bikin', 'telor', 'sama', 'btr']",1,2026-06-14,0
@ilyase_momoi,2026-06-14 14:34:05+00:00,Hertod dingin 🌷💐🥰,0,YouTube,hertod dingin,"['hertod', 'dingin']",1,2026-06-14,0
@irpanpermana9735,2026-06-14 14:34:00+00:00,gokil hertod,3,YouTube,gokil hertod,"['gokil', 'hertod']",0,2026-06-14,0
@lorentzz11,2026-06-14 14:33:58+00:00,final tergokil,0,YouTube,final tergokil,"['final', 'tergokil']",1,2026-06-14,0
@Mondzy62,2026-06-14 14:33:48+00:00,"Tiap ada Robby ,BTR menang terus😮",40,YouTube,tiap ada robby btr menang terus,"['tiap', 'ada', 'robby', 'btr', 'menang', 'terus']",1,2026-06-14,0
@radityafardan4693,2026-06-14 14:33:48+00:00,Si hertod tidak upload 3 bln karena fokus bawa BTR ke paris 🤫,0,YouTube,si hertod tidak upload bln karena fokus bawa btr ke paris,"['si', 'hertod', 'tidak', 'upload', 'bln', 'karena', 'fokus', 'bawa', 'btr', 'ke', 'paris']",1,2026-06-14,8
@jid_or_el,2026-06-14 14:33:39+00:00,"ONIC SAMA KELRA MALAH MELEMPEM WKWKWK, MATCH BANYAK KALAH GA KAYA SEASON KEMARIN, KOMPOSISI KAYA GA SEIMBANG, MAIN JUGA BANYAK STRUGGLE 😂,MANA NIH HATTERS SKYLAR KEMARIN",0,YouTube,onic sama kelra malah melempem wkwkwk match banyak kalah tidak kaya season kemarin komposisi kaya tidak seimbang main juga banyak struggle mana nih hatters skylar kemarin,"['onic', 'sama', 'kelra', 'malah', 'melempem', 'wkwkwk', 'match', 'banyak', 'kalah', 'tidak', 'kaya', 'season', 'kemarin', 'komposisi', 'kaya', 'tidak', 'seimbang', 'main', 'juga', 'banyak', 'struggle', 'mana', 'nih', 'hatters', 'skylar', 'kemarin']",1,2026-06-14,0
@xieeqt.1,2026-06-14 14:33:33+00:00,Gg btr🎉🎉,1,YouTube,gg btr,"['gg', 'btr']",0,2026-06-14,3
@VrilloGaming,2026-06-14 14:33:31+00:00,"UDAH SELESAI MPL WOI, HERTOD UPLOAD LAH, UDAH JUARA KAN, BOSEN BANGET GW JIRRRRR",1,YouTube,sudah selesai mpl woi hertod upload lah sudah juara kan bosen banget saya jirrrrr,"['sudah', 'selesai', 'mpl', 'woi', 'hertod', 'upload', 'lah', 'sudah', 'juara', 'kan', 'bosen', 'banget', 'saya', 'jirrrrr']",1,2026-06-14,0
@SaJayDolog,2026-06-14 14:33:30+00:00,cuma rrq,0,YouTube,cuma rrq,"['cuma', 'rrq']",1,2026-06-14,0
@firmanch8820,2026-06-14 14:33:24+00:00,GG btr,0,YouTube,gg btr,"['gg', 'btr']",0,2026-06-14,3
@Botak_bersaudara00,2026-06-14 14:33:22+00:00,Nael kicau efek mungkin 😂😂😂😂😂😂😂😂😂,0,YouTube,nael kicau efek mungkin,"['nael', 'kicau', 'efek', 'mungkin']",0,2026-06-14,6
@kheiza3636,2026-06-14 14:33:08+00:00,Gg ♥️💙,0,YouTube,gg,['gg'],0,2026-06-14,3
@SukriTuminah,2026-06-14 14:33:07+00:00,Nt onic congratulation btr🎉,0,YouTube,nt onic congratulation btr,"['nt', 'onic', 'congratulation', 'btr']",0,2026-06-14,2
@Farel_Rel05,2026-06-14 14:33:04+00:00,"Congrats Btr Nt onic, gantian dulu season ini biar lebih berwarna Kita lihat di season 18 siapa kah yg akan bersaing",6,YouTube,congrats btr nt onic gantian dulu season ini biar lebih berwarna kita lihat di season siapa kah yang akan bersaing,"['congrats', 'btr', 'nt', 'onic', 'gantian', 'dulu', 'season', 'ini', 'biar', 'lebih', 'berwarna', 'kita', 'lihat', 'di', 'season', 'siapa', 'kah', 'yang', 'akan', 'bersaing']",1,2026-06-14,0
@Fatihehey,2026-06-14 14:33:03+00:00,Akhirnya Setelah sekian lamaa,3,YouTube,akhirnya setelah sekian lamaa,"['akhirnya', 'setelah', 'sekian', 'lamaa']",0,2026-06-14,-1
@DANIEALISKANDAR,2026-06-14 14:33:01+00:00,onic dibikin ayam”,0,YouTube,onic dibikin ayam ”,"['onic', 'dibikin', 'ayam', '”']",0,2026-06-14,0
@larajanis,2026-06-14 14:32:58+00:00,"Sorry ya MPL MY, MPL ID masih bisa naikin tim baru buat menang wkwkwk",0,YouTube,sorry ya mpl my mpl id masih bisa naikin tim baru buat menang wkwkwk,"['sorry', 'ya', 'mpl', 'my', 'mpl', 'id', 'masih', 'bisa', 'naikin', 'tim', 'baru', 'buat', 'menang', 'wkwkwk']",0,2026-06-14,0
@Mar-11,2026-06-14 14:32:55+00:00,"2 kata lucu
KINGDOM SENANG
RAJA LANGIT
LIGA TANI
KEBANGGAAN NEGARA
LAGI-LAGI KINGDOM",0,YouTube,kata lucu kingdom senang raja langit liga tani kebanggaan negara lagi lagi kingdom,"['kata', 'lucu', 'kingdom', 'senang', 'raja', 'langit', 'liga', 'tani', 'kebanggaan', 'negara', 'lagi', 'lagi', 'kingdom']",1,2026-06-14,-1
@ELkumar09,2026-06-14 14:32:55+00:00,coaching staff ny segunung si jdi oke lh bisa baca gameplay onic,0,YouTube,coaching staff ny segunung si jdi oke lh bisa baca gameplay onic,"['coaching', 'staff', 'ny', 'segunung', 'si', 'jdi', 'oke', 'lh', 'bisa', 'baca', 'gameplay', 'onic']",0,2026-06-14,0
@ciatato3051,2026-06-14 14:32:52+00:00,"2 ph, hahaha
Eman ni Bos...Kelra biasa aja",0,YouTube,ph hahaha eman ni bos kelra biasa aja,"['ph', 'hahaha', 'eman', 'ni', 'bos', 'kelra', 'biasa', 'aja']",0,2026-06-14,0
@SKIZYEPEP,2026-06-14 14:32:51+00:00,"Sonic lagi bagi"" piala ya",0,YouTube,sonic lagi bagi piala ya,"['sonic', 'lagi', 'bagi', 'piala', 'ya']",1,2026-06-14,7
@Waduhhhc,2026-06-14 14:32:48+00:00,"Jujur Gw Benci Liga Tani, Akhirnya ada yg Mecahin juga",0,YouTube,jujur saya benci liga tani akhirnya ada yang mecahin juga,"['jujur', 'saya', 'benci', 'liga', 'tani', 'akhirnya', 'ada', 'yang', 'mecahin', 'juga']",1,2026-06-14,0
@WeerTino,2026-06-14 14:32:45+00:00,efek hertod,1,YouTube,efek hertod,"['efek', 'hertod']",0,2026-06-14,6
@ApriliaNoella,2026-06-14 14:32:45+00:00,hertod pensi yt langsung menang mpl + paris geloo,0,YouTube,hertod pensi yt langsung menang mpl paris geloo,"['hertod', 'pensi', 'yt', 'langsung', 'menang', 'mpl', 'paris', 'geloo']",1,2026-06-14,0
@sabrinasabrina-e1z,2026-06-14 14:32:36+00:00,"KUTUKAN KERLA TUU PINDAH IN LAGIH AJA AWOK""😂😂",0,YouTube,kutukan kerla tuu pindah in lagih aja awok,"['kutukan', 'kerla', 'tuu', 'pindah', 'in', 'lagih', 'aja', 'awok']",0,2026-06-14,0
@AmirYusuf-p9y,2026-06-14 14:32:30+00:00,Anjay tebakan Skylar benar hebat banget,0,YouTube,anjay tebakan skylar benar hebat banget,"['anjay', 'tebakan', 'skylar', 'benar', 'hebat', 'banget']",1,2026-06-14,0
@noyaaiy,2026-06-14 14:32:28+00:00,"gg btr, well deserved!",7,YouTube,gg btr well deserved,"['gg', 'btr', 'well', 'deserved']",0,2026-06-14,3
@rafazyd-x,2026-06-14 14:32:26+00:00,Btr menggila,2,YouTube,btr menggila,"['btr', 'menggila']",1,2026-06-14,0
@khairina3068,2026-06-14 14:32:20+00:00,congrats kinggg❤❤❤,0,YouTube,congrats kinggg,"['congrats', 'kinggg']",0,2026-06-14,2
@fahrinlatif9394,2026-06-14 14:32:20+00:00,Malu dong 4-1😂 sanz gak berkutik sama Moreno 😂sanz🤡,0,YouTube,malu dong sanz tidak berkutik sama moreno sanz,"['malu', 'dong', 'sanz', 'tidak', 'berkutik', 'sama', 'moreno', 'sanz']",1,2026-06-14,0
@yudiseptihadi,2026-06-14 14:32:19+00:00,"Debut player onic, Debut kairi juara, lutfi juara, savero juara, Skylar juara, kelra nt",0,YouTube,debut player onic debut kairi juara lutfi juara savero juara skylar juara kelra nt,"['debut', 'player', 'onic', 'debut', 'kairi', 'juara', 'lutfi', 'juara', 'savero', 'juara', 'skylar', 'juara', 'kelra', 'nt']",0,2026-06-14,0
@Damselette1,2026-06-14 14:32:19+00:00,"cuci muka, sikat gigi langsung bobo ya",0,YouTube,cuci muka sikat gigi langsung bobo ya,"['cuci', 'muka', 'sikat', 'gigi', 'langsung', 'bobo', 'ya']",0,2026-06-14,0
@kanexkill,2026-06-14 14:32:06+00:00,"Analisa hertod emang juara siih, channel nya daging semua tiap bahas final match suatu pertandingan",39,YouTube,analisa hertod emang juara siih channel nya daging semua tiap bahas final match suatu pertandingan,"['analisa', 'hertod', 'emang', 'juara', 'siih', 'channel', 'nya', 'daging', 'semua', 'tiap', 'bahas', 'final', 'match', 'suatu', 'pertandingan']",1,2026-06-14,0
@vandejamil,2026-06-14 14:32:00+00:00,"ikut bangga meski bukan fans BTR, selamat akhirnya bisa juara❤ semoga sukses di MSC nanti BTR & ONIC",150,YouTube,ikut bangga meski bukan fans btr selamat akhirnya bisa juara semoga sukses di msc nanti btr onic,"['ikut', 'bangga', 'meski', 'bukan', 'fans', 'btr', 'selamat', 'akhirnya', 'bisa', 'juara', 'semoga', 'sukses', 'di', 'msc', 'nanti', 'btr', 'onic']",0,2026-06-14,0
@mutiarapackaging1986,2026-06-14 14:31:50+00:00,"Pokenic : fans panasonic, fan cewek semua jelek lagi, super seblak, Fan Tolol Kpop dukung player dari muka doang. 

Sok playing victim, gak mau disalahin.",1,YouTube,pokenic fans panasonic fan cewek semua jelek lagi super seblak fan tolol kpop dukung player dari muka doang sok playing victim tidak mau disalahin,"['pokenic', 'fans', 'panasonic', 'fan', 'cewek', 'semua', 'jelek', 'lagi', 'super', 'seblak', 'fan', 'tolol', 'kpop', 'dukung', 'player', 'dari', 'muka', 'doang', 'sok', 'playing', 'victim', 'tidak', 'mau', 'disalahin']",1,2026-06-14,0
@AsepP12-h4z,2026-06-14 14:31:42+00:00,Beda banget kalo onic yg juara analisa match ini kagak langsung nutup doang nampak kali tim baru digituin Ama mpl,0,YouTube,beda banget kalau onic yang juara analisa match ini kagak langsung nutup doang nampak kali tim baru digituin ama mpl,"['beda', 'banget', 'kalau', 'onic', 'yang', 'juara', 'analisa', 'match', 'ini', 'kagak', 'langsung', 'nutup', 'doang', 'nampak', 'kali', 'tim', 'baru', 'digituin', 'ama', 'mpl']",1,2026-06-14,0
@disinicumanmeme,2026-06-14 14:31:41+00:00,Apalah pemain onic ke trigger semua jir,1,YouTube,apalah pemain onic ke trigger semua jir,"['apalah', 'pemain', 'onic', 'ke', 'trigger', 'semua', 'jir']",1,2026-06-14,0
@wiinnnn___,2026-06-14 14:31:37+00:00,CONGRATULATIONS BTR JUARA MPL ID S17,1,YouTube,congratulations btr juara mpl id s,"['congratulations', 'btr', 'juara', 'mpl', 'id', 's']",0,2026-06-14,2
@wiinnnn___,2026-06-14 14:31:33+00:00,BTR menyelamatkan dunia daripada kebisingan,5,YouTube,btr menyelamatkan dunia daripada kebisingan,"['btr', 'menyelamatkan', 'dunia', 'daripada', 'kebisingan']",1,2026-06-14,9
@rindulucu-c6q,2026-06-14 14:31:19+00:00,Gooooo onicccc❤❤❤❤🔥🔥🔥,0,YouTube,gooooo onicccc,"['gooooo', 'onicccc']",0,2026-06-14,0
@Yanzz-w8p,2026-06-14 14:31:14+00:00,kelraaa😂,2,YouTube,kelraaa,['kelraaa'],0,2026-06-14,0
@Aan177,2026-06-14 14:31:14+00:00,Mantap btr bisa balas dendam seson kmren😂,1,YouTube,mantap btr bisa balas dendam seson kmren,"['mantap', 'btr', 'bisa', 'balas', 'dendam', 'seson', 'kmren']",1,2026-06-14,0
@AzlanJaelani-i8w1k,2026-06-14 14:31:04+00:00,GG BTR.,0,YouTube,gg btr,"['gg', 'btr']",0,2026-06-14,3
@yeyyb,2026-06-14 14:31:03+00:00,congrats btr🎉🎉,1,YouTube,congrats btr,"['congrats', 'btr']",0,2026-06-14,2
@miwaa_xhh,2026-06-14 14:31:02+00:00,Gg bangt cokk gelooo btr kalo udh bawa jimat gaada lawan🎉🎉😜😜,4,YouTube,gg bangt cokk gelooo btr kalau sudah bawa jimat gaada lawan,"['gg', 'bangt', 'cokk', 'gelooo', 'btr', 'kalau', 'sudah', 'bawa', 'jimat', 'gaada', 'lawan']",1,2026-06-14,0
@Wasawa236,2026-06-14 14:30:59+00:00,Gelo kejeniusan hertod🥶,69,YouTube,gelo kejeniusan hertod,"['gelo', 'kejeniusan', 'hertod']",1,2026-06-14,0
@DikaAlam-z2w,2026-06-14 14:30:58+00:00,GG koED full senyumm,1,YouTube,gg koed full senyumm,"['gg', 'koed', 'full', 'senyumm']",0,2026-06-14,0
@NyawitDuaPeriode,2026-06-14 14:30:50+00:00,Ler tulong ler,0,YouTube,ler tulong ler,"['ler', 'tulong', 'ler']",0,2026-06-14,0
@disinicumanmeme,2026-06-14 14:30:45+00:00,Kembalikan Skylar kami!!!,3,YouTube,kembalikan skylar kami,"['kembalikan', 'skylar', 'kami']",0,2026-06-14,0
@lfharizie,2026-06-14 14:30:38+00:00,finally btr bbbbbbbonjourrrrr with style,21,YouTube,finally btr bbbbbbbonjourrrrr with style,"['finally', 'btr', 'bbbbbbbonjourrrrr', 'with', 'style']",0,2026-06-14,0
@Randihidayat2008,2026-06-14 14:30:36+00:00,"Juara mah bebas,pokenic🤭😹",0,YouTube,juara mah bebas pokenic,"['juara', 'mah', 'bebas', 'pokenic']",1,2026-06-14,0
@imhaechan8608,2026-06-14 14:30:36+00:00,terimakasih BTR sudah memecahkan teori poster dimpl id,435,YouTube,terimakasih btr sudah memecahkan teori poster dimpl id,"['terimakasih', 'btr', 'sudah', 'memecahkan', 'teori', 'poster', 'dimpl', 'id']",0,2026-06-14,0
@kyleeTzzzyy,2026-06-14 14:30:34+00:00,Nah gituloh SANG ROBOT MERAH 🎉🎉 CONGRATS 🔥🔥🔥🔥,0,YouTube,nah gituloh sang robot merah congrats,"['nah', 'gituloh', 'sang', 'robot', 'merah', 'congrats']",0,2026-06-14,4
@galihpurna3074,2026-06-14 14:30:32+00:00,#BTRWINNNNNNNNNNNNNNNNNNNNN 🤖,0,YouTube,,[],0,2026-06-14,1
@hydopcangcut,2026-06-14 14:30:27+00:00,hertod efek dan roby efek kah ini,1,YouTube,hertod efek dan roby efek kah ini,"['hertod', 'efek', 'dan', 'roby', 'efek', 'kah', 'ini']",0,2026-06-14,6
@superrrleek,2026-06-14 14:30:22+00:00,Gara gara hertod ini😂😂,13,YouTube,gara gara hertod ini,"['gara', 'gara', 'hertod', 'ini']",1,2026-06-14,0
@bocilgeming9223,2026-06-14 14:30:14+00:00,🎉🎉🎉🎉🎉 congrats btr,1,YouTube,congrats btr,"['congrats', 'btr']",0,2026-06-14,2
@ZeX-ries,2026-06-14 14:30:07+00:00,BTR memecahkan kutukan playoffs dan Liga Tani ONIC 🥶🔥🔥,420,YouTube,btr memecahkan kutukan playoffs dan liga tani onic,"['btr', 'memecahkan', 'kutukan', 'playoffs', 'dan', 'liga', 'tani', 'onic']",0,2026-06-14,0
@vinuyaf,2026-06-14 14:30:06+00:00,"gg btr, nt onic id! goodluck for ewc 2026 guys! ❤️💛",0,YouTube,gg btr nt onic id goodluck for ewc guys,"['gg', 'btr', 'nt', 'onic', 'id', 'goodluck', 'for', 'ewc', 'guys']",0,2026-06-14,3
@NINJASAGA592,2026-06-14 14:30:04+00:00,Congratulations btr,0,YouTube,congratulations btr,"['congratulations', 'btr']",0,2026-06-14,2
@disspyOne-sf6hi,2026-06-14 14:30:00+00:00,congratulations,0,YouTube,congratulations,['congratulations'],0,2026-06-14,2
@sumarticantikk,2026-06-14 14:29:58+00:00,Ga bisa tidur gua😭😭😭,0,YouTube,tidak bisa tidur gua,"['tidak', 'bisa', 'tidur', 'gua']",1,2026-06-14,0
@DarwizHophner,2026-06-14 14:29:56+00:00,gg btrr let's goo,0,YouTube,gg btrr let s goo,"['gg', 'btrr', 'let', 's', 'goo']",0,2026-06-14,3
@bilalofficial1115,2026-06-14 14:29:55+00:00,"Oi tod, gw juara juara mpl s 17",554,YouTube,oi tod saya juara juara mpl s,"['oi', 'tod', 'saya', 'juara', 'juara', 'mpl', 's']",1,2026-06-14,0
@EzzaNazal,2026-06-14 14:29:52+00:00,Ngeri,0,YouTube,ngeri,['ngeri'],1,2026-06-14,0
@prorusty3597,2026-06-14 14:29:47+00:00,GG,0,YouTube,gg,['gg'],0,2026-06-14,3
